Date,DayOfYear,Predicted_Temp
2018-08-01,213,14.232203014023687
2018-08-02,214,14.20452943184437
2018-08-03,215,14.174555905231605
2018-08-04,216,14.142289841708438
2018-08-05,217,14.107739162777099
2018-08-06,218,14.07091230391915
2018-08-07,219,14.031818214595395
2018-08-08,220,13.990466358246087
2018-08-09,221,13.94686671229069
2018-08-10,222,13.901029768127861
2018-08-11,223,13.852966531135726
2018-08-12,224,13.802688520671685
2018-08-13,225,13.750207770072327
2018-08-14,226,13.695536826653685
2018-08-15,227,13.638688751711035
2018-08-16,228,13.579677120518843
2018-08-17,229,13.518516022331076
2018-08-18,230,13.455220060380915
2018-08-19,231,13.389804351880704
2018-08-20,232,13.32228452802237
2018-08-21,233,13.252676733976918
2018-08-22,234,13.180997628894678
2018-08-23,235,13.10726438590543
2018-08-24,236,13.031494692117993
2018-08-25,237,12.953706748620808
2018-08-26,238,12.8739192704813
2018-08-27,239,12.79215148674651
2018-08-28,240,12.708423140442468
2018-08-29,241,12.622754488574705
2018-08-30,242,12.535166302127967
2018-08-31,243,12.445679866066447
2018-09-01,244,12.354316979333438
2018-09-02,245,12.261099954851622
2018-09-03,246,12.166051619522952
2018-09-04,247,12.06919531422877
2018-09-05,248,11.970554893829748
2018-09-06,249,11.870154727165547
2018-09-07,250,11.768019697055498
2018-09-08,251,11.664175200298038
2018-09-09,252,11.558647147670987
2018-09-10,253,11.451461963931498
2018-09-11,254,11.342646587815883
2018-09-12,255,11.232228472039727
2018-09-13,256,11.12023558329823
2018-09-14,257,11.006696402265524
2018-09-15,258,10.89163992359524
2018-09-16,259,10.775095655920287
2018-09-17,260,10.6570936218529
2018-09-18,261,10.537664357984587
2018-09-19,262,10.416838914886076
2018-09-20,263,10.294648857107367
2018-09-21,264,10.171126263178015
2018-09-22,265,10.046303725606682
2018-09-23,266,9.920214350881357
2018-09-24,267,9.792891759469361
2018-09-25,268,9.664370085817344
2018-09-26,269,9.53468397835106
2018-09-27,270,9.403868599475706
2018-09-28,271,9.271959625575922
2018-09-29,272,9.138993247015454
2018-09-30,273,9.005006168137376
2018-10-01,274,8.870035607264262
2018-10-02,275,8.734119296697562
2018-10-03,276,8.597295482718456
2018-10-04,277,8.459602925587111
2018-10-05,278,8.321080899543253
2018-10-06,279,8.181769192805765
2018-10-07,280,8.041708107572921
2018-10-08,281,7.900938460022095
2018-10-09,282,7.759501580310163
2018-10-10,283,7.617439312573216
2018-10-11,284,7.474794014926678
2018-10-12,285,7.331608559465357
2018-10-13,286,7.187926332263109
2018-10-14,287,7.043791233373346
2018-10-15,288,6.899247676828699
2018-10-16,289,6.7543405906410126
2018-10-17,290,6.609115416801634
2018-10-18,291,6.463618111280956
2018-10-19,292,6.317895144028759
2018-10-20,293,6.171993498974265
2018-10-21,294,6.0259606740259155
2018-10-22,295,5.87984468107131
2018-10-23,296,5.733694045977549
2018-10-24,297,5.587557808591006
2018-10-25,298,5.441485522737272
2018-10-26,299,5.295527256221154
2018-10-27,300,5.1497335908271875
2018-10-28,301,5.004155622318441
2018-10-29,302,4.858844960438111
2018-10-30,303,4.713853728908154
2018-10-31,304,4.5692345654301985
2018-11-01,305,4.425040621684635
2018-11-02,306,4.281325563331867
2018-11-03,307,4.138143570010945
2018-11-04,308,3.9955493353405895
2018-11-05,309,3.8535980669187406
2018-11-06,310,3.7123454863227803
2018-11-07,311,3.5718478291088527
2018-11-08,312,3.4321618448133417
2018-11-09,313,3.2933447969508247
2018-11-10,314,3.1554544630162322
2018-11-11,315,3.0185491344829156
2018-11-12,316,2.882687616804125
2018-11-13,317,2.7479292294119855
2018-11-14,318,2.6143338057185215
2018-11-15,319,2.4819616931142914
2018-11-16,320,2.350873752969866
2018-11-17,321,2.2211313606344643
2018-11-18,322,2.0927964054372037
2018-11-19,323,1.9659312906859636
2018-11-20,324,1.840598933668522
2018-11-21,325,1.716862765651305
2018-11-22,326,1.5947867318805233
2018-11-23,327,1.4744352915814911
2018-11-24,328,1.355873417958966
2018-11-25,329,1.2391665981966948
2018-11-26,330,1.1243808334580958
2018-11-27,331,1.0115826388856899
2018-11-28,332,0.9008390436009872
2018-11-29,333,0.7922175907056239
2018-11-30,334,0.6857863372798843
2018-12-01,335,0.58161385438361
2018-12-02,336,0.4797692270555185
2018-12-03,337,0.380322054314453
2018-12-04,338,0.28334244915779117
2018-12-05,339,0.18890103856246832
2018-12-06,340,0.0970689634848636
2018-12-07,341,0.007917878860231653
2018-12-08,342,-0.07848004639604689
2018-12-09,343,-0.16205212939017066
2018-12-10,344,-0.24272517324866705
2018-12-11,345,-0.3204254671186195
2018-12-12,346,-0.3950787861682361
2018-12-13,347,-0.4666103915857125
2018-12-14,348,-0.5349450305809373
2018-12-15,349,-0.6000069363833322
2018-12-16,350,-0.6617198282440118
2018-12-17,351,-0.7200069114345329
2018-12-18,352,-0.7747908772466676
2018-12-19,353,-0.8259939029935399
2018-12-20,354,-0.8735376520084888
2018-12-21,355,-0.917343273645864
2018-12-22,356,-0.9573314032803442
2018-12-23,357,-0.9934221623079598
2018-12-24,358,-1.025535158144729
2018-12-25,359,-1.0535894842277944
2018-12-26,360,-1.077503720014855
2018-12-27,361,-1.0971959309845065
2018-12-28,362,-1.1125836686355601
2018-12-29,363,-1.1235839704879513
2018-12-30,364,-1.1301133600823992
2018-12-31,365,-1.1320878469799514
2019-01-01,1,0.7346322395346792
2019-01-02,2,0.533997371956422
2019-01-03,3,0.3410967897313023
2019-01-04,4,0.15582893677050647
2019-01-05,5,-0.021907229035477815
2019-01-06,6,-0.19221223581686253
2019-01-07,7,-0.3551860977245582
2019-01-08,8,-0.5109283149301751
2019-01-09,9,-0.6595378736260225
2019-01-10,10,-0.8011132460251089
2019-01-11,11,-0.9357523903611424
2019-01-12,12,-1.0635527508885292
2019-01-13,13,-1.1846112578823753
2019-01-14,14,-1.2990243276384863
2019-01-15,15,-1.4068878624733663
2019-01-16,16,-1.5082972507242198
2019-01-17,17,-1.6033473667489488
2019-01-18,18,-1.6921325709261548
2019-01-19,19,-1.77474670965514
2019-01-20,20,-1.8512831153559048
2019-01-21,21,-1.9218346064691492
2019-01-22,22,-1.986493487456269
2019-01-23,23,-2.0453515487993656
2019-01-24,24,-2.0985000670012353
2019-01-25,25,-2.146029804585373
2019-01-26,26,-2.188031010095976
2019-01-27,27,-2.2245934180979376
2019-01-28,28,-2.255806249176853
2019-01-29,29,-2.281758209939015
2019-01-30,30,-2.3025374930114144
2019-01-31,31,-2.318231777041744
2019-02-01,32,-2.3289282266983955
2019-02-02,33,-2.334713492670457
2019-02-03,34,-2.3356737116677175
2019-02-04,35,-2.3318945064206655
2019-02-05,36,-2.323460985680491
2019-02-06,37,-2.310457744219078
2019-02-07,38,-2.292968862829012
2019-02-08,39,-2.2710779083235773
2019-02-09,40,-2.244867933536762
2019-02-10,41,-2.2144214773232456
2019-02-11,42,-2.1798205645584137
2019-02-12,43,-2.141146706138347
2019-02-13,44,-2.0984808989798243
2019-02-14,45,-2.0519036260203283
2019-02-15,46,-2.0014948562180344
2019-02-16,47,-1.9473340445518268
2019-02-17,48,-1.8895001320212828
2019-02-18,49,-1.828071545646674
2019-02-19,50,-1.7631261984689814
2019-02-20,51,-1.6947414895498785
2019-02-21,52,-1.6229943039717405
2019-02-22,53,-1.5479610128376375
2019-02-23,54,-1.4697174732713485
2019-02-24,55,-1.3883390284173434
2019-02-25,56,-1.3039005074407903
2019-02-26,57,-1.2164762255275594
2019-02-27,58,-1.1261399838842276
2019-02-28,59,-1.0329650697380561
2019-03-01,60,-0.937024256337013
2019-03-02,61,-0.8383898029497772
2019-03-03,62,-0.7371334548656971
2019-03-04,63,-0.6333264433948518
2019-03-05,64,-0.5270394858680003
2019-03-06,65,-0.4183427856366091
2019-03-07,66,-0.30730603207283913
2019-03-08,67,-0.19399840056954964
2019-03-09,68,-0.07848855254031228
2019-03-10,69,0.039155364580620855
2019-03-11,70,0.15886571733828525
2019-03-12,71,0.28057538625702527
2019-03-13,72,0.40421776584047997
2019-03-14,73,0.5297267645715937
2019-03-15,74,0.6570368049126056
2019-03-16,75,0.7860828233050672
2019-03-17,76,0.916800270169821
2019-03-18,77,1.049125109907008
2019-03-19,78,1.182993820896078
2019-03-20,79,1.3183433954957788
2019-03-21,80,1.4551113400441569
2019-03-22,81,1.5932356748585637
2019-03-23,82,1.732654934235649
2019-03-24,83,1.8733081664513573
2019-03-25,84,2.015134933760949
2019-03-26,85,2.1580753123989727
2019-03-27,86,2.302069892579274
2019-03-28,87,2.4470597784950225
2019-03-29,88,2.5929865883186576
2019-03-30,89,2.739792454201945
2019-03-31,90,2.887420022275931
2019-04-01,91,3.035812452650985
2019-04-02,92,3.18491341941675
2019-04-03,93,3.334667110642199
2019-04-04,94,3.4850182283755924
2019-04-05,95,3.6359119886444713
2019-04-06,96,3.787294121455714
2019-04-07,97,3.9391108707954867
2019-04-08,98,4.0913089946292285
2019-04-09,99,4.243835764901723
2019-04-10,100,4.396638967537028
2019-04-11,101,4.549666902438508
2019-04-12,102,4.702868383488832
2019-04-13,103,4.85619273854997
2019-04-14,104,5.0095898094631846
2019-04-15,105,5.163009952049036
2019-04-16,106,5.31640403610742
2019-04-17,107,5.469723445417463
2019-04-18,108,5.62292007773768
2019-04-19,109,5.775946344805815
2019-04-20,110,5.928755172338958
2019-04-21,111,6.081300000033478
2019-04-22,112,6.233534781565025
2019-04-23,113,6.385413984588601
2019-04-24,114,6.53689259073848
2019-04-25,115,6.687926095628233
2019-04-26,116,6.838470508850731
2019-04-27,117,6.988482353978155
2019-04-28,118,7.137918668562007
2019-04-29,119,7.2867370041330215
2019-04-30,120,7.4348954262013205
2019-05-01,121,7.582352514256263
2019-05-02,122,7.729067361766544
2019-05-03,123,7.8749995761801355
2019-05-04,124,8.020109278924329
2019-05-05,125,8.16435710540569
2019-05-06,126,8.30770420501013
2019-05-07,127,8.450112241102827
2019-05-08,128,8.591543391028265
2019-05-09,129,8.731960346110247
2019-05-10,130,8.871326311651819
2019-05-11,131,9.009605006935407
2019-05-12,132,9.146760665222692
2019-05-13,133,9.282758033754666
2019-05-14,134,9.417562373751641
2019-05-15,135,9.55113946041316
2019-05-16,136,9.683455582918162
2019-05-17,137,9.814477544424838
2019-05-18,138,9.944172662070647
2019-05-19,139,10.072508766972396
2019-05-20,140,10.19945420422622
2019-05-21,141,10.32497783290747
2019-05-22,142,10.449049026070886
2019-05-23,143,10.571637670750425
2019-05-24,144,10.692714167959414
2019-05-25,145,10.81224943269047
2019-05-26,146,10.930214893915453
2019-05-27,147,11.046582494585598
2019-05-28,148,11.16132469163137
2019-05-29,149,11.274414455962605
2019-05-30,150,11.3858252724684
2019-05-31,151,11.49553114001717
2019-06-01,152,11.603506571456611
2019-06-02,153,11.709726593613714
2019-06-03,154,11.814166747294811
2019-06-04,155,11.91680308728552
2019-06-05,156,12.017612182350737
2019-06-06,157,12.116571115234654
2019-06-07,158,12.213657482660812
2019-06-08,159,12.308849395331995
2019-06-09,160,12.402125477930332
2019-06-10,161,12.493464869117252
2019-06-11,162,12.582847221533433
2019-06-12,163,12.67025270179892
2019-06-13,164,12.755661990513024
2019-06-14,165,12.839056282254353
2019-06-15,166,12.92041728558083
2019-06-16,167,12.999727223029657
2019-06-17,168,13.07696883111736
2019-06-18,169,13.152125360339815
2019-06-19,170,13.225180575172066
2019-06-20,171,13.296118754068564
2019-06-21,172,13.364924689463058
2019-06-22,173,13.431583687768514
2019-06-23,174,13.496081569377301
2019-06-24,175,13.558404668661032
2019-06-25,176,13.61853983397062
2019-06-26,177,13.676474427636313
2019-06-27,178,13.732196325967655
2019-06-28,179,13.785693919253438
2019-06-29,180,13.836956111761756
2019-06-30,181,13.88597232174009
2019-07-01,182,13.93273248141522
2019-07-02,183,13.97722703699309
2019-07-03,184,14.019446948659086
2019-07-04,185,14.059383690577809
2019-07-05,186,14.097029250893163
2019-07-06,187,14.13237613172844
2019-07-07,188,14.165417349186233
2019-07-08,189,14.19614643334821
2019-07-09,190,14.224557428275622
2019-07-10,191,14.250644892008912
2019-07-11,192,14.274403896567796
2019-07-12,193,14.295830027951288
2019-07-13,194,14.314919386137793
2019-07-14,195,14.331668585084847
2019-07-15,196,14.346074752729512
2019-07-16,197,14.358135530987985
2019-07-17,198,14.367849075755762
2019-07-18,199,14.3752140569077
2019-07-19,200,14.380229658298068
2019-07-20,201,14.3828955777601
2019-07-21,202,14.3832120271067
2019-07-22,203,14.3811797321299
2019-07-23,204,14.376799932601008
2019-07-24,205,14.370074382270664
2019-07-25,206,14.361005348868863
2019-07-26,207,14.34959561410482
2019-07-27,208,14.335848473667104
2019-07-28,209,14.319767737223534
2019-07-29,210,14.301357728421314
2019-07-30,211,14.28062328488692
2019-07-31,212,14.257569758226046
2019-08-01,213,14.232203014023687
2019-08-02,214,14.20452943184437
2019-08-03,215,14.174555905231605
2019-08-04,216,14.142289841708438
2019-08-05,217,14.107739162777099
2019-08-06,218,14.07091230391915
2019-08-07,219,14.031818214595395
2019-08-08,220,13.990466358246087
2019-08-09,221,13.94686671229069
2019-08-10,222,13.901029768127861
2019-08-11,223,13.852966531135726
2019-08-12,224,13.802688520671685
2019-08-13,225,13.750207770072327
2019-08-14,226,13.695536826653685
2019-08-15,227,13.638688751711035
2019-08-16,228,13.579677120518843
2019-08-17,229,13.518516022331076
2019-08-18,230,13.455220060380915
2019-08-19,231,13.389804351880704
2019-08-20,232,13.32228452802237
2019-08-21,233,13.252676733976918
2019-08-22,234,13.180997628894678
2019-08-23,235,13.10726438590543
2019-08-24,236,13.031494692117993
2019-08-25,237,12.953706748620808
2019-08-26,238,12.8739192704813
2019-08-27,239,12.79215148674651
2019-08-28,240,12.708423140442468
2019-08-29,241,12.622754488574705
2019-08-30,242,12.535166302127967
2019-08-31,243,12.445679866066447
2019-09-01,244,12.354316979333438
2019-09-02,245,12.261099954851622
2019-09-03,246,12.166051619522952
2019-09-04,247,12.06919531422877
2019-09-05,248,11.970554893829748
2019-09-06,249,11.870154727165547
2019-09-07,250,11.768019697055498
2019-09-08,251,11.664175200298038
2019-09-09,252,11.558647147670987
2019-09-10,253,11.451461963931498
2019-09-11,254,11.342646587815883
2019-09-12,255,11.232228472039727
2019-09-13,256,11.12023558329823
2019-09-14,257,11.006696402265524
2019-09-15,258,10.89163992359524
2019-09-16,259,10.775095655920287
2019-09-17,260,10.6570936218529
2019-09-18,261,10.537664357984587
2019-09-19,262,10.416838914886076
2019-09-20,263,10.294648857107367
2019-09-21,264,10.171126263178015
2019-09-22,265,10.046303725606682
2019-09-23,266,9.920214350881357
2019-09-24,267,9.792891759469361
2019-09-25,268,9.664370085817344
2019-09-26,269,9.53468397835106
2019-09-27,270,9.403868599475706
2019-09-28,271,9.271959625575922
2019-09-29,272,9.138993247015454
2019-09-30,273,9.005006168137376
2019-10-01,274,8.870035607264262
2019-10-02,275,8.734119296697562
2019-10-03,276,8.597295482718456
2019-10-04,277,8.459602925587111
2019-10-05,278,8.321080899543253
2019-10-06,279,8.181769192805765
2019-10-07,280,8.041708107572921
2019-10-08,281,7.900938460022095
2019-10-09,282,7.759501580310163
2019-10-10,283,7.617439312573216
2019-10-11,284,7.474794014926678
2019-10-12,285,7.331608559465357
2019-10-13,286,7.187926332263109
2019-10-14,287,7.043791233373346
2019-10-15,288,6.899247676828699
2019-10-16,289,6.7543405906410126
2019-10-17,290,6.609115416801634
2019-10-18,291,6.463618111280956
2019-10-19,292,6.317895144028759
2019-10-20,293,6.171993498974265
2019-10-21,294,6.0259606740259155
2019-10-22,295,5.87984468107131
2019-10-23,296,5.733694045977549
2019-10-24,297,5.587557808591006
2019-10-25,298,5.441485522737272
2019-10-26,299,5.295527256221154
2019-10-27,300,5.1497335908271875
2019-10-28,301,5.004155622318441
2019-10-29,302,4.858844960438111
2019-10-30,303,4.713853728908154
2019-10-31,304,4.5692345654301985
2019-11-01,305,4.425040621684635
2019-11-02,306,4.281325563331867
2019-11-03,307,4.138143570010945
2019-11-04,308,3.9955493353405895
2019-11-05,309,3.8535980669187406
2019-11-06,310,3.7123454863227803
2019-11-07,311,3.5718478291088527
2019-11-08,312,3.4321618448133417
2019-11-09,313,3.2933447969508247
2019-11-10,314,3.1554544630162322
2019-11-11,315,3.0185491344829156
2019-11-12,316,2.882687616804125
2019-11-13,317,2.7479292294119855
2019-11-14,318,2.6143338057185215
2019-11-15,319,2.4819616931142914
2019-11-16,320,2.350873752969866
2019-11-17,321,2.2211313606344643
2019-11-18,322,2.0927964054372037
2019-11-19,323,1.9659312906859636
2019-11-20,324,1.840598933668522
2019-11-21,325,1.716862765651305
2019-11-22,326,1.5947867318805233
2019-11-23,327,1.4744352915814911
2019-11-24,328,1.355873417958966
2019-11-25,329,1.2391665981966948
2019-11-26,330,1.1243808334580958
2019-11-27,331,1.0115826388856899
2019-11-28,332,0.9008390436009872
2019-11-29,333,0.7922175907056239
2019-11-30,334,0.6857863372798843
2019-12-01,335,0.58161385438361
2019-12-02,336,0.4797692270555185
2019-12-03,337,0.380322054314453
2019-12-04,338,0.28334244915779117
2019-12-05,339,0.18890103856246832
2019-12-06,340,0.0970689634848636
2019-12-07,341,0.007917878860231653
2019-12-08,342,-0.07848004639604689
2019-12-09,343,-0.16205212939017066
2019-12-10,344,-0.24272517324866705
2019-12-11,345,-0.3204254671186195
2019-12-12,346,-0.3950787861682361
2019-12-13,347,-0.4666103915857125
2019-12-14,348,-0.5349450305809373
2019-12-15,349,-0.6000069363833322
2019-12-16,350,-0.6617198282440118
2019-12-17,351,-0.7200069114345329
2019-12-18,352,-0.7747908772466676
2019-12-19,353,-0.8259939029935399
2019-12-20,354,-0.8735376520084888
2019-12-21,355,-0.917343273645864
2019-12-22,356,-0.9573314032803442
2019-12-23,357,-0.9934221623079598
2019-12-24,358,-1.025535158144729
2019-12-25,359,-1.0535894842277944
2019-12-26,360,-1.077503720014855
2019-12-27,361,-1.0971959309845065
2019-12-28,362,-1.1125836686355601
2019-12-29,363,-1.1235839704879513
2019-12-30,364,-1.1301133600823992
2019-12-31,365,-1.1320878469799514
2020-01-01,1,0.7346322395346792
2020-01-02,2,0.533997371956422
2020-01-03,3,0.3410967897313023
2020-01-04,4,0.15582893677050647
2020-01-05,5,-0.021907229035477815
2020-01-06,6,-0.19221223581686253
2020-01-07,7,-0.3551860977245582
2020-01-08,8,-0.5109283149301751
2020-01-09,9,-0.6595378736260225
2020-01-10,10,-0.8011132460251089
2020-01-11,11,-0.9357523903611424
2020-01-12,12,-1.0635527508885292
2020-01-13,13,-1.1846112578823753
2020-01-14,14,-1.2990243276384863
2020-01-15,15,-1.4068878624733663
2020-01-16,16,-1.5082972507242198
2020-01-17,17,-1.6033473667489488
2020-01-18,18,-1.6921325709261548
2020-01-19,19,-1.77474670965514
2020-01-20,20,-1.8512831153559048
2020-01-21,21,-1.9218346064691492
2020-01-22,22,-1.986493487456269
2020-01-23,23,-2.0453515487993656
2020-01-24,24,-2.0985000670012353
2020-01-25,25,-2.146029804585373
2020-01-26,26,-2.188031010095976
2020-01-27,27,-2.2245934180979376
2020-01-28,28,-2.255806249176853
2020-01-29,29,-2.281758209939015
2020-01-30,30,-2.3025374930114144
2020-01-31,31,-2.318231777041744
2020-02-01,32,-2.3289282266983955
2020-02-02,33,-2.334713492670457
2020-02-03,34,-2.3356737116677175
2020-02-04,35,-2.3318945064206655
2020-02-05,36,-2.323460985680491
2020-02-06,37,-2.310457744219078
2020-02-07,38,-2.292968862829012
2020-02-08,39,-2.2710779083235773
2020-02-09,40,-2.244867933536762
2020-02-10,41,-2.2144214773232456
2020-02-11,42,-2.1798205645584137
2020-02-12,43,-2.141146706138347
2020-02-13,44,-2.0984808989798243
2020-02-14,45,-2.0519036260203283
2020-02-15,46,-2.0014948562180344
2020-02-16,47,-1.9473340445518268
2020-02-17,48,-1.8895001320212828
2020-02-18,49,-1.828071545646674
2020-02-19,50,-1.7631261984689814
2020-02-20,51,-1.6947414895498785
2020-02-21,52,-1.6229943039717405
2020-02-22,53,-1.5479610128376375
2020-02-23,54,-1.4697174732713485
2020-02-24,55,-1.3883390284173434
2020-02-25,56,-1.3039005074407903
2020-02-26,57,-1.2164762255275594
2020-02-27,58,-1.1261399838842276
2020-02-28,59,-1.0329650697380561
2020-02-29,60,-0.937024256337013
2020-03-01,61,-0.8383898029497772
2020-03-02,62,-0.7371334548656971
2020-03-03,63,-0.6333264433948518
2020-03-04,64,-0.5270394858680003
2020-03-05,65,-0.4183427856366091
2020-03-06,66,-0.30730603207283913
2020-03-07,67,-0.19399840056954964
2020-03-08,68,-0.07848855254031228
2020-03-09,69,0.039155364580620855
2020-03-10,70,0.15886571733828525
2020-03-11,71,0.28057538625702527
2020-03-12,72,0.40421776584047997
2020-03-13,73,0.5297267645715937
2020-03-14,74,0.6570368049126056
2020-03-15,75,0.7860828233050672
2020-03-16,76,0.916800270169821
2020-03-17,77,1.049125109907008
2020-03-18,78,1.182993820896078
2020-03-19,79,1.3183433954957788
2020-03-20,80,1.4551113400441569
2020-03-21,81,1.5932356748585637
2020-03-22,82,1.732654934235649
2020-03-23,83,1.8733081664513573
2020-03-24,84,2.015134933760949
2020-03-25,85,2.1580753123989727
2020-03-26,86,2.302069892579274
2020-03-27,87,2.4470597784950225
2020-03-28,88,2.5929865883186576
2020-03-29,89,2.739792454201945
2020-03-30,90,2.887420022275931
2020-03-31,91,3.035812452650985
2020-04-01,92,3.18491341941675
2020-04-02,93,3.334667110642199
2020-04-03,94,3.4850182283755924
2020-04-04,95,3.6359119886444713
2020-04-05,96,3.787294121455714
2020-04-06,97,3.9391108707954867
2020-04-07,98,4.0913089946292285
2020-04-08,99,4.243835764901723
2020-04-09,100,4.396638967537028
2020-04-10,101,4.549666902438508
2020-04-11,102,4.702868383488832
2020-04-12,103,4.85619273854997
2020-04-13,104,5.0095898094631846
2020-04-14,105,5.163009952049036
2020-04-15,106,5.31640403610742
2020-04-16,107,5.469723445417463
2020-04-17,108,5.62292007773768
2020-04-18,109,5.775946344805815
2020-04-19,110,5.928755172338958
2020-04-20,111,6.081300000033478
2020-04-21,112,6.233534781565025
2020-04-22,113,6.385413984588601
2020-04-23,114,6.53689259073848
2020-04-24,115,6.687926095628233
2020-04-25,116,6.838470508850731
2020-04-26,117,6.988482353978155
2020-04-27,118,7.137918668562007
2020-04-28,119,7.2867370041330215
2020-04-29,120,7.4348954262013205
2020-04-30,121,7.582352514256263
2020-05-01,122,7.729067361766544
2020-05-02,123,7.8749995761801355
2020-05-03,124,8.020109278924329
2020-05-04,125,8.16435710540569
2020-05-05,126,8.30770420501013
2020-05-06,127,8.450112241102827
2020-05-07,128,8.591543391028265
2020-05-08,129,8.731960346110247
2020-05-09,130,8.871326311651819
2020-05-10,131,9.009605006935407
2020-05-11,132,9.146760665222692
2020-05-12,133,9.282758033754666
2020-05-13,134,9.417562373751641
2020-05-14,135,9.55113946041316
2020-05-15,136,9.683455582918162
2020-05-16,137,9.814477544424838
2020-05-17,138,9.944172662070647
2020-05-18,139,10.072508766972396
2020-05-19,140,10.19945420422622
2020-05-20,141,10.32497783290747
2020-05-21,142,10.449049026070886
2020-05-22,143,10.571637670750425
2020-05-23,144,10.692714167959414
2020-05-24,145,10.81224943269047
2020-05-25,146,10.930214893915453
2020-05-26,147,11.046582494585598
2020-05-27,148,11.16132469163137
2020-05-28,149,11.274414455962605
2020-05-29,150,11.3858252724684
2020-05-30,151,11.49553114001717
2020-05-31,152,11.603506571456611
2020-06-01,153,11.709726593613714
2020-06-02,154,11.814166747294811
2020-06-03,155,11.91680308728552
2020-06-04,156,12.017612182350737
2020-06-05,157,12.116571115234654
2020-06-06,158,12.213657482660812
2020-06-07,159,12.308849395331995
2020-06-08,160,12.402125477930332
2020-06-09,161,12.493464869117252
2020-06-10,162,12.582847221533433
2020-06-11,163,12.67025270179892
2020-06-12,164,12.755661990513024
2020-06-13,165,12.839056282254353
2020-06-14,166,12.92041728558083
2020-06-15,167,12.999727223029657
2020-06-16,168,13.07696883111736
2020-06-17,169,13.152125360339815
2020-06-18,170,13.225180575172066
2020-06-19,171,13.296118754068564
2020-06-20,172,13.364924689463058
2020-06-21,173,13.431583687768514
2020-06-22,174,13.496081569377301
2020-06-23,175,13.558404668661032
2020-06-24,176,13.61853983397062
2020-06-25,177,13.676474427636313
2020-06-26,178,13.732196325967655
2020-06-27,179,13.785693919253438
2020-06-28,180,13.836956111761756
2020-06-29,181,13.88597232174009
2020-06-30,182,13.93273248141522
2020-07-01,183,13.97722703699309
2020-07-02,184,14.019446948659086
2020-07-03,185,14.059383690577809
2020-07-04,186,14.097029250893163
2020-07-05,187,14.13237613172844
2020-07-06,188,14.165417349186233
2020-07-07,189,14.19614643334821
2020-07-08,190,14.224557428275622
2020-07-09,191,14.250644892008912
2020-07-10,192,14.274403896567796
2020-07-11,193,14.295830027951288
2020-07-12,194,14.314919386137793
2020-07-13,195,14.331668585084847
2020-07-14,196,14.346074752729512
2020-07-15,197,14.358135530987985
2020-07-16,198,14.367849075755762
2020-07-17,199,14.3752140569077
2020-07-18,200,14.380229658298068
2020-07-19,201,14.3828955777601
2020-07-20,202,14.3832120271067
2020-07-21,203,14.3811797321299
2020-07-22,204,14.376799932601008
2020-07-23,205,14.370074382270664
2020-07-24,206,14.361005348868863
2020-07-25,207,14.34959561410482
2020-07-26,208,14.335848473667104
2020-07-27,209,14.319767737223534
2020-07-28,210,14.301357728421314
2020-07-29,211,14.28062328488692
2020-07-30,212,14.257569758226046
2020-07-31,213,14.232203014023687
2020-08-01,214,14.20452943184437
2020-08-02,215,14.174555905231605
2020-08-03,216,14.142289841708438
2020-08-04,217,14.107739162777099
2020-08-05,218,14.07091230391915
2020-08-06,219,14.031818214595395
2020-08-07,220,13.990466358246087
2020-08-08,221,13.94686671229069
2020-08-09,222,13.901029768127861
2020-08-10,223,13.852966531135726
2020-08-11,224,13.802688520671685
2020-08-12,225,13.750207770072327
2020-08-13,226,13.695536826653685
2020-08-14,227,13.638688751711035
2020-08-15,228,13.579677120518843
2020-08-16,229,13.518516022331076
2020-08-17,230,13.455220060380915
2020-08-18,231,13.389804351880704
2020-08-19,232,13.32228452802237
2020-08-20,233,13.252676733976918
2020-08-21,234,13.180997628894678
2020-08-22,235,13.10726438590543
2020-08-23,236,13.031494692117993
2020-08-24,237,12.953706748620808
2020-08-25,238,12.8739192704813
2020-08-26,239,12.79215148674651
2020-08-27,240,12.708423140442468
2020-08-28,241,12.622754488574705
2020-08-29,242,12.535166302127967
2020-08-30,243,12.445679866066447
2020-08-31,244,12.354316979333438
2020-09-01,245,12.261099954851622
2020-09-02,246,12.166051619522952
2020-09-03,247,12.06919531422877
2020-09-04,248,11.970554893829748
2020-09-05,249,11.870154727165547
2020-09-06,250,11.768019697055498
2020-09-07,251,11.664175200298038
2020-09-08,252,11.558647147670987
2020-09-09,253,11.451461963931498
2020-09-10,254,11.342646587815883
2020-09-11,255,11.232228472039727
2020-09-12,256,11.12023558329823
2020-09-13,257,11.006696402265524
2020-09-14,258,10.89163992359524
2020-09-15,259,10.775095655920287
2020-09-16,260,10.6570936218529
2020-09-17,261,10.537664357984587
2020-09-18,262,10.416838914886076
2020-09-19,263,10.294648857107367
2020-09-20,264,10.171126263178015
2020-09-21,265,10.046303725606682
2020-09-22,266,9.920214350881357
2020-09-23,267,9.792891759469361
2020-09-24,268,9.664370085817344
2020-09-25,269,9.53468397835106
2020-09-26,270,9.403868599475706
2020-09-27,271,9.271959625575922
2020-09-28,272,9.138993247015454
2020-09-29,273,9.005006168137376
2020-09-30,274,8.870035607264262
2020-10-01,275,8.734119296697562
2020-10-02,276,8.597295482718456
2020-10-03,277,8.459602925587111
2020-10-04,278,8.321080899543253
2020-10-05,279,8.181769192805765
2020-10-06,280,8.041708107572921
2020-10-07,281,7.900938460022095
2020-10-08,282,7.759501580310163
2020-10-09,283,7.617439312573216
2020-10-10,284,7.474794014926678
2020-10-11,285,7.331608559465357
2020-10-12,286,7.187926332263109
2020-10-13,287,7.043791233373346
2020-10-14,288,6.899247676828699
2020-10-15,289,6.7543405906410126
2020-10-16,290,6.609115416801634
2020-10-17,291,6.463618111280956
2020-10-18,292,6.317895144028759
2020-10-19,293,6.171993498974265
2020-10-20,294,6.0259606740259155
2020-10-21,295,5.87984468107131
2020-10-22,296,5.733694045977549
2020-10-23,297,5.587557808591006
2020-10-24,298,5.441485522737272
2020-10-25,299,5.295527256221154
2020-10-26,300,5.1497335908271875
2020-10-27,301,5.004155622318441
2020-10-28,302,4.858844960438111
2020-10-29,303,4.713853728908154
2020-10-30,304,4.5692345654301985
2020-10-31,305,4.425040621684635
2020-11-01,306,4.281325563331867
2020-11-02,307,4.138143570010945
2020-11-03,308,3.9955493353405895
2020-11-04,309,3.8535980669187406
2020-11-05,310,3.7123454863227803
2020-11-06,311,3.5718478291088527
2020-11-07,312,3.4321618448133417
2020-11-08,313,3.2933447969508247
2020-11-09,314,3.1554544630162322
2020-11-10,315,3.0185491344829156
2020-11-11,316,2.882687616804125
2020-11-12,317,2.7479292294119855
2020-11-13,318,2.6143338057185215
2020-11-14,319,2.4819616931142914
2020-11-15,320,2.350873752969866
2020-11-16,321,2.2211313606344643
2020-11-17,322,2.0927964054372037
2020-11-18,323,1.9659312906859636
2020-11-19,324,1.840598933668522
2020-11-20,325,1.716862765651305
2020-11-21,326,1.5947867318805233
2020-11-22,327,1.4744352915814911
2020-11-23,328,1.355873417958966
2020-11-24,329,1.2391665981966948
2020-11-25,330,1.1243808334580958
2020-11-26,331,1.0115826388856899
2020-11-27,332,0.9008390436009872
2020-11-28,333,0.7922175907056239
2020-11-29,334,0.6857863372798843
2020-11-30,335,0.58161385438361
2020-12-01,336,0.4797692270555185
2020-12-02,337,0.380322054314453
2020-12-03,338,0.28334244915779117
2020-12-04,339,0.18890103856246832
2020-12-05,340,0.0970689634848636
2020-12-06,341,0.007917878860231653
2020-12-07,342,-0.07848004639604689
2020-12-08,343,-0.16205212939017066
2020-12-09,344,-0.24272517324866705
2020-12-10,345,-0.3204254671186195
2020-12-11,346,-0.3950787861682361
2020-12-12,347,-0.4666103915857125
2020-12-13,348,-0.5349450305809373
2020-12-14,349,-0.6000069363833322
2020-12-15,350,-0.6617198282440118
2020-12-16,351,-0.7200069114345329
2020-12-17,352,-0.7747908772466676
2020-12-18,353,-0.8259939029935399
2020-12-19,354,-0.8735376520084888
2020-12-20,355,-0.917343273645864
2020-12-21,356,-0.9573314032803442
2020-12-22,357,-0.9934221623079598
2020-12-23,358,-1.025535158144729
2020-12-24,359,-1.0535894842277944
2020-12-25,360,-1.077503720014855
2020-12-26,361,-1.0971959309845065
2020-12-27,362,-1.1125836686355601
2020-12-28,363,-1.1235839704879513
2020-12-29,364,-1.1301133600823992
2020-12-30,365,-1.1320878469799514
2020-12-31,366,-1.1294229267623255
2021-01-01,1,0.7346322395346792
2021-01-02,2,0.533997371956422
2021-01-03,3,0.3410967897313023
2021-01-04,4,0.15582893677050647
2021-01-05,5,-0.021907229035477815
2021-01-06,6,-0.19221223581686253
2021-01-07,7,-0.3551860977245582
2021-01-08,8,-0.5109283149301751
2021-01-09,9,-0.6595378736260225
2021-01-10,10,-0.8011132460251089
2021-01-11,11,-0.9357523903611424
2021-01-12,12,-1.0635527508885292
2021-01-13,13,-1.1846112578823753
2021-01-14,14,-1.2990243276384863
2021-01-15,15,-1.4068878624733663
2021-01-16,16,-1.5082972507242198
2021-01-17,17,-1.6033473667489488
2021-01-18,18,-1.6921325709261548
2021-01-19,19,-1.77474670965514
2021-01-20,20,-1.8512831153559048
2021-01-21,21,-1.9218346064691492
2021-01-22,22,-1.986493487456269
2021-01-23,23,-2.0453515487993656
2021-01-24,24,-2.0985000670012353
2021-01-25,25,-2.146029804585373
2021-01-26,26,-2.188031010095976
2021-01-27,27,-2.2245934180979376
2021-01-28,28,-2.255806249176853
2021-01-29,29,-2.281758209939015
2021-01-30,30,-2.3025374930114144
2021-01-31,31,-2.318231777041744
2021-02-01,32,-2.3289282266983955
2021-02-02,33,-2.334713492670457
2021-02-03,34,-2.3356737116677175
2021-02-04,35,-2.3318945064206655
2021-02-05,36,-2.323460985680491
2021-02-06,37,-2.310457744219078
2021-02-07,38,-2.292968862829012
2021-02-08,39,-2.2710779083235773
2021-02-09,40,-2.244867933536762
2021-02-10,41,-2.2144214773232456
2021-02-11,42,-2.1798205645584137
2021-02-12,43,-2.141146706138347
2021-02-13,44,-2.0984808989798243
2021-02-14,45,-2.0519036260203283
2021-02-15,46,-2.0014948562180344
2021-02-16,47,-1.9473340445518268
2021-02-17,48,-1.8895001320212828
2021-02-18,49,-1.828071545646674
2021-02-19,50,-1.7631261984689814
2021-02-20,51,-1.6947414895498785
2021-02-21,52,-1.6229943039717405
2021-02-22,53,-1.5479610128376375
2021-02-23,54,-1.4697174732713485
2021-02-24,55,-1.3883390284173434
2021-02-25,56,-1.3039005074407903
2021-02-26,57,-1.2164762255275594
2021-02-27,58,-1.1261399838842276
2021-02-28,59,-1.0329650697380561
2021-03-01,60,-0.937024256337013
2021-03-02,61,-0.8383898029497772
2021-03-03,62,-0.7371334548656971
2021-03-04,63,-0.6333264433948518
2021-03-05,64,-0.5270394858680003
2021-03-06,65,-0.4183427856366091
2021-03-07,66,-0.30730603207283913
2021-03-08,67,-0.19399840056954964
2021-03-09,68,-0.07848855254031228
2021-03-10,69,0.039155364580620855
2021-03-11,70,0.15886571733828525
2021-03-12,71,0.28057538625702527
2021-03-13,72,0.40421776584047997
2021-03-14,73,0.5297267645715937
2021-03-15,74,0.6570368049126056
2021-03-16,75,0.7860828233050672
2021-03-17,76,0.916800270169821
2021-03-18,77,1.049125109907008
2021-03-19,78,1.182993820896078
2021-03-20,79,1.3183433954957788
2021-03-21,80,1.4551113400441569
2021-03-22,81,1.5932356748585637
2021-03-23,82,1.732654934235649
2021-03-24,83,1.8733081664513573
2021-03-25,84,2.015134933760949
2021-03-26,85,2.1580753123989727
2021-03-27,86,2.302069892579274
2021-03-28,87,2.4470597784950225
2021-03-29,88,2.5929865883186576
2021-03-30,89,2.739792454201945
2021-03-31,90,2.887420022275931
2021-04-01,91,3.035812452650985
2021-04-02,92,3.18491341941675
2021-04-03,93,3.334667110642199
2021-04-04,94,3.4850182283755924
2021-04-05,95,3.6359119886444713
2021-04-06,96,3.787294121455714
2021-04-07,97,3.9391108707954867
2021-04-08,98,4.0913089946292285
2021-04-09,99,4.243835764901723
2021-04-10,100,4.396638967537028
2021-04-11,101,4.549666902438508
2021-04-12,102,4.702868383488832
2021-04-13,103,4.85619273854997
2021-04-14,104,5.0095898094631846
2021-04-15,105,5.163009952049036
2021-04-16,106,5.31640403610742
2021-04-17,107,5.469723445417463
2021-04-18,108,5.62292007773768
2021-04-19,109,5.775946344805815
2021-04-20,110,5.928755172338958
2021-04-21,111,6.081300000033478
2021-04-22,112,6.233534781565025
2021-04-23,113,6.385413984588601
2021-04-24,114,6.53689259073848
2021-04-25,115,6.687926095628233
2021-04-26,116,6.838470508850731
2021-04-27,117,6.988482353978155
2021-04-28,118,7.137918668562007
2021-04-29,119,7.2867370041330215
2021-04-30,120,7.4348954262013205
2021-05-01,121,7.582352514256263
2021-05-02,122,7.729067361766544
2021-05-03,123,7.8749995761801355
2021-05-04,124,8.020109278924329
2021-05-05,125,8.16435710540569
2021-05-06,126,8.30770420501013
2021-05-07,127,8.450112241102827
2021-05-08,128,8.591543391028265
2021-05-09,129,8.731960346110247
2021-05-10,130,8.871326311651819
2021-05-11,131,9.009605006935407
2021-05-12,132,9.146760665222692
2021-05-13,133,9.282758033754666
2021-05-14,134,9.417562373751641
2021-05-15,135,9.55113946041316
2021-05-16,136,9.683455582918162
2021-05-17,137,9.814477544424838
2021-05-18,138,9.944172662070647
2021-05-19,139,10.072508766972396
2021-05-20,140,10.19945420422622
2021-05-21,141,10.32497783290747
2021-05-22,142,10.449049026070886
2021-05-23,143,10.571637670750425
2021-05-24,144,10.692714167959414
2021-05-25,145,10.81224943269047
2021-05-26,146,10.930214893915453
2021-05-27,147,11.046582494585598
2021-05-28,148,11.16132469163137
2021-05-29,149,11.274414455962605
2021-05-30,150,11.3858252724684
2021-05-31,151,11.49553114001717
2021-06-01,152,11.603506571456611
2021-06-02,153,11.709726593613714
2021-06-03,154,11.814166747294811
2021-06-04,155,11.91680308728552
2021-06-05,156,12.017612182350737
2021-06-06,157,12.116571115234654
2021-06-07,158,12.213657482660812
2021-06-08,159,12.308849395331995
2021-06-09,160,12.402125477930332
2021-06-10,161,12.493464869117252
2021-06-11,162,12.582847221533433
2021-06-12,163,12.67025270179892
2021-06-13,164,12.755661990513024
2021-06-14,165,12.839056282254353
2021-06-15,166,12.92041728558083
2021-06-16,167,12.999727223029657
2021-06-17,168,13.07696883111736
2021-06-18,169,13.152125360339815
2021-06-19,170,13.225180575172066
2021-06-20,171,13.296118754068564
2021-06-21,172,13.364924689463058
2021-06-22,173,13.431583687768514
2021-06-23,174,13.496081569377301
2021-06-24,175,13.558404668661032
2021-06-25,176,13.61853983397062
2021-06-26,177,13.676474427636313
2021-06-27,178,13.732196325967655
2021-06-28,179,13.785693919253438
2021-06-29,180,13.836956111761756
2021-06-30,181,13.88597232174009
2021-07-01,182,13.93273248141522
2021-07-02,183,13.97722703699309
2021-07-03,184,14.019446948659086
2021-07-04,185,14.059383690577809
2021-07-05,186,14.097029250893163
2021-07-06,187,14.13237613172844
2021-07-07,188,14.165417349186233
2021-07-08,189,14.19614643334821
2021-07-09,190,14.224557428275622
2021-07-10,191,14.250644892008912
2021-07-11,192,14.274403896567796
2021-07-12,193,14.295830027951288
2021-07-13,194,14.314919386137793
2021-07-14,195,14.331668585084847
2021-07-15,196,14.346074752729512
2021-07-16,197,14.358135530987985
2021-07-17,198,14.367849075755762
2021-07-18,199,14.3752140569077
2021-07-19,200,14.380229658298068
2021-07-20,201,14.3828955777601
2021-07-21,202,14.3832120271067
2021-07-22,203,14.3811797321299
2021-07-23,204,14.376799932601008
2021-07-24,205,14.370074382270664
2021-07-25,206,14.361005348868863
2021-07-26,207,14.34959561410482
2021-07-27,208,14.335848473667104
2021-07-28,209,14.319767737223534
2021-07-29,210,14.301357728421314
2021-07-30,211,14.28062328488692
2021-07-31,212,14.257569758226046
2021-08-01,213,14.232203014023687
2021-08-02,214,14.20452943184437
2021-08-03,215,14.174555905231605
2021-08-04,216,14.142289841708438
2021-08-05,217,14.107739162777099
2021-08-06,218,14.07091230391915
2021-08-07,219,14.031818214595395
2021-08-08,220,13.990466358246087
2021-08-09,221,13.94686671229069
2021-08-10,222,13.901029768127861
2021-08-11,223,13.852966531135726
2021-08-12,224,13.802688520671685
2021-08-13,225,13.750207770072327
2021-08-14,226,13.695536826653685
2021-08-15,227,13.638688751711035
2021-08-16,228,13.579677120518843
2021-08-17,229,13.518516022331076
2021-08-18,230,13.455220060380915
2021-08-19,231,13.389804351880704
2021-08-20,232,13.32228452802237
2021-08-21,233,13.252676733976918
2021-08-22,234,13.180997628894678
2021-08-23,235,13.10726438590543
2021-08-24,236,13.031494692117993
2021-08-25,237,12.953706748620808
2021-08-26,238,12.8739192704813
2021-08-27,239,12.79215148674651
2021-08-28,240,12.708423140442468
2021-08-29,241,12.622754488574705
2021-08-30,242,12.535166302127967
2021-08-31,243,12.445679866066447
2021-09-01,244,12.354316979333438
2021-09-02,245,12.261099954851622
2021-09-03,246,12.166051619522952
2021-09-04,247,12.06919531422877
2021-09-05,248,11.970554893829748
2021-09-06,249,11.870154727165547
2021-09-07,250,11.768019697055498
2021-09-08,251,11.664175200298038
2021-09-09,252,11.558647147670987
2021-09-10,253,11.451461963931498
2021-09-11,254,11.342646587815883
2021-09-12,255,11.232228472039727
2021-09-13,256,11.12023558329823
2021-09-14,257,11.006696402265524
2021-09-15,258,10.89163992359524
2021-09-16,259,10.775095655920287
2021-09-17,260,10.6570936218529
2021-09-18,261,10.537664357984587
2021-09-19,262,10.416838914886076
2021-09-20,263,10.294648857107367
2021-09-21,264,10.171126263178015
2021-09-22,265,10.046303725606682
2021-09-23,266,9.920214350881357
2021-09-24,267,9.792891759469361
2021-09-25,268,9.664370085817344
2021-09-26,269,9.53468397835106
2021-09-27,270,9.403868599475706
2021-09-28,271,9.271959625575922
2021-09-29,272,9.138993247015454
2021-09-30,273,9.005006168137376
2021-10-01,274,8.870035607264262
2021-10-02,275,8.734119296697562
2021-10-03,276,8.597295482718456
2021-10-04,277,8.459602925587111
2021-10-05,278,8.321080899543253
2021-10-06,279,8.181769192805765
2021-10-07,280,8.041708107572921
2021-10-08,281,7.900938460022095
2021-10-09,282,7.759501580310163
2021-10-10,283,7.617439312573216
2021-10-11,284,7.474794014926678
2021-10-12,285,7.331608559465357
2021-10-13,286,7.187926332263109
2021-10-14,287,7.043791233373346
2021-10-15,288,6.899247676828699
2021-10-16,289,6.7543405906410126
2021-10-17,290,6.609115416801634
2021-10-18,291,6.463618111280956
2021-10-19,292,6.317895144028759
2021-10-20,293,6.171993498974265
2021-10-21,294,6.0259606740259155
2021-10-22,295,5.87984468107131
2021-10-23,296,5.733694045977549
2021-10-24,297,5.587557808591006
2021-10-25,298,5.441485522737272
2021-10-26,299,5.295527256221154
2021-10-27,300,5.1497335908271875
2021-10-28,301,5.004155622318441
2021-10-29,302,4.858844960438111
2021-10-30,303,4.713853728908154
2021-10-31,304,4.5692345654301985
2021-11-01,305,4.425040621684635
2021-11-02,306,4.281325563331867
2021-11-03,307,4.138143570010945
2021-11-04,308,3.9955493353405895
2021-11-05,309,3.8535980669187406
2021-11-06,310,3.7123454863227803
2021-11-07,311,3.5718478291088527
2021-11-08,312,3.4321618448133417
2021-11-09,313,3.2933447969508247
2021-11-10,314,3.1554544630162322
2021-11-11,315,3.0185491344829156
2021-11-12,316,2.882687616804125
2021-11-13,317,2.7479292294119855
2021-11-14,318,2.6143338057185215
2021-11-15,319,2.4819616931142914
2021-11-16,320,2.350873752969866
2021-11-17,321,2.2211313606344643
2021-11-18,322,2.0927964054372037
2021-11-19,323,1.9659312906859636
2021-11-20,324,1.840598933668522
2021-11-21,325,1.716862765651305
2021-11-22,326,1.5947867318805233
2021-11-23,327,1.4744352915814911
2021-11-24,328,1.355873417958966
2021-11-25,329,1.2391665981966948
2021-11-26,330,1.1243808334580958
2021-11-27,331,1.0115826388856899
2021-11-28,332,0.9008390436009872
2021-11-29,333,0.7922175907056239
2021-11-30,334,0.6857863372798843
2021-12-01,335,0.58161385438361
2021-12-02,336,0.4797692270555185
2021-12-03,337,0.380322054314453
2021-12-04,338,0.28334244915779117
2021-12-05,339,0.18890103856246832
2021-12-06,340,0.0970689634848636
2021-12-07,341,0.007917878860231653
2021-12-08,342,-0.07848004639604689
2021-12-09,343,-0.16205212939017066
2021-12-10,344,-0.24272517324866705
2021-12-11,345,-0.3204254671186195
2021-12-12,346,-0.3950787861682361
2021-12-13,347,-0.4666103915857125
2021-12-14,348,-0.5349450305809373
2021-12-15,349,-0.6000069363833322
2021-12-16,350,-0.6617198282440118
2021-12-17,351,-0.7200069114345329
2021-12-18,352,-0.7747908772466676
2021-12-19,353,-0.8259939029935399
2021-12-20,354,-0.8735376520084888
2021-12-21,355,-0.917343273645864
2021-12-22,356,-0.9573314032803442
2021-12-23,357,-0.9934221623079598
2021-12-24,358,-1.025535158144729
2021-12-25,359,-1.0535894842277944
2021-12-26,360,-1.077503720014855
2021-12-27,361,-1.0971959309845065
2021-12-28,362,-1.1125836686355601
2021-12-29,363,-1.1235839704879513
2021-12-30,364,-1.1301133600823992
2021-12-31,365,-1.1320878469799514
2022-01-01,1,0.7346322395346792
2022-01-02,2,0.533997371956422
2022-01-03,3,0.3410967897313023
2022-01-04,4,0.15582893677050647
2022-01-05,5,-0.021907229035477815
2022-01-06,6,-0.19221223581686253
2022-01-07,7,-0.3551860977245582
2022-01-08,8,-0.5109283149301751
2022-01-09,9,-0.6595378736260225
2022-01-10,10,-0.8011132460251089
2022-01-11,11,-0.9357523903611424
2022-01-12,12,-1.0635527508885292
2022-01-13,13,-1.1846112578823753
2022-01-14,14,-1.2990243276384863
2022-01-15,15,-1.4068878624733663
2022-01-16,16,-1.5082972507242198
2022-01-17,17,-1.6033473667489488
2022-01-18,18,-1.6921325709261548
2022-01-19,19,-1.77474670965514
2022-01-20,20,-1.8512831153559048
2022-01-21,21,-1.9218346064691492
2022-01-22,22,-1.986493487456269
2022-01-23,23,-2.0453515487993656
2022-01-24,24,-2.0985000670012353
2022-01-25,25,-2.146029804585373
2022-01-26,26,-2.188031010095976
2022-01-27,27,-2.2245934180979376
2022-01-28,28,-2.255806249176853
2022-01-29,29,-2.281758209939015
2022-01-30,30,-2.3025374930114144
2022-01-31,31,-2.318231777041744
2022-02-01,32,-2.3289282266983955
2022-02-02,33,-2.334713492670457
2022-02-03,34,-2.3356737116677175
2022-02-04,35,-2.3318945064206655
2022-02-05,36,-2.323460985680491
2022-02-06,37,-2.310457744219078
2022-02-07,38,-2.292968862829012
2022-02-08,39,-2.2710779083235773
2022-02-09,40,-2.244867933536762
2022-02-10,41,-2.2144214773232456
2022-02-11,42,-2.1798205645584137
2022-02-12,43,-2.141146706138347
2022-02-13,44,-2.0984808989798243
2022-02-14,45,-2.0519036260203283
2022-02-15,46,-2.0014948562180344
2022-02-16,47,-1.9473340445518268
2022-02-17,48,-1.8895001320212828
2022-02-18,49,-1.828071545646674
2022-02-19,50,-1.7631261984689814
2022-02-20,51,-1.6947414895498785
2022-02-21,52,-1.6229943039717405
2022-02-22,53,-1.5479610128376375
2022-02-23,54,-1.4697174732713485
2022-02-24,55,-1.3883390284173434
2022-02-25,56,-1.3039005074407903
2022-02-26,57,-1.2164762255275594
2022-02-27,58,-1.1261399838842276
2022-02-28,59,-1.0329650697380561
2022-03-01,60,-0.937024256337013
2022-03-02,61,-0.8383898029497772
2022-03-03,62,-0.7371334548656971
2022-03-04,63,-0.6333264433948518
2022-03-05,64,-0.5270394858680003
2022-03-06,65,-0.4183427856366091
2022-03-07,66,-0.30730603207283913
2022-03-08,67,-0.19399840056954964
2022-03-09,68,-0.07848855254031228
2022-03-10,69,0.039155364580620855
2022-03-11,70,0.15886571733828525
2022-03-12,71,0.28057538625702527
2022-03-13,72,0.40421776584047997
2022-03-14,73,0.5297267645715937
2022-03-15,74,0.6570368049126056
2022-03-16,75,0.7860828233050672
2022-03-17,76,0.916800270169821
2022-03-18,77,1.049125109907008
2022-03-19,78,1.182993820896078
2022-03-20,79,1.3183433954957788
2022-03-21,80,1.4551113400441569
2022-03-22,81,1.5932356748585637
2022-03-23,82,1.732654934235649
2022-03-24,83,1.8733081664513573
2022-03-25,84,2.015134933760949
2022-03-26,85,2.1580753123989727
2022-03-27,86,2.302069892579274
2022-03-28,87,2.4470597784950225
2022-03-29,88,2.5929865883186576
2022-03-30,89,2.739792454201945
2022-03-31,90,2.887420022275931
2022-04-01,91,3.035812452650985
2022-04-02,92,3.18491341941675
2022-04-03,93,3.334667110642199
2022-04-04,94,3.4850182283755924
2022-04-05,95,3.6359119886444713
2022-04-06,96,3.787294121455714
2022-04-07,97,3.9391108707954867
2022-04-08,98,4.0913089946292285
2022-04-09,99,4.243835764901723
2022-04-10,100,4.396638967537028
2022-04-11,101,4.549666902438508
2022-04-12,102,4.702868383488832
2022-04-13,103,4.85619273854997
2022-04-14,104,5.0095898094631846
2022-04-15,105,5.163009952049036
2022-04-16,106,5.31640403610742
2022-04-17,107,5.469723445417463
2022-04-18,108,5.62292007773768
2022-04-19,109,5.775946344805815
2022-04-20,110,5.928755172338958
2022-04-21,111,6.081300000033478
2022-04-22,112,6.233534781565025
2022-04-23,113,6.385413984588601
2022-04-24,114,6.53689259073848
2022-04-25,115,6.687926095628233
2022-04-26,116,6.838470508850731
2022-04-27,117,6.988482353978155
2022-04-28,118,7.137918668562007
2022-04-29,119,7.2867370041330215
2022-04-30,120,7.4348954262013205
2022-05-01,121,7.582352514256263
2022-05-02,122,7.729067361766544
2022-05-03,123,7.8749995761801355
2022-05-04,124,8.020109278924329
2022-05-05,125,8.16435710540569
2022-05-06,126,8.30770420501013
2022-05-07,127,8.450112241102827
2022-05-08,128,8.591543391028265
2022-05-09,129,8.731960346110247
2022-05-10,130,8.871326311651819
2022-05-11,131,9.009605006935407
2022-05-12,132,9.146760665222692
2022-05-13,133,9.282758033754666
2022-05-14,134,9.417562373751641
2022-05-15,135,9.55113946041316
2022-05-16,136,9.683455582918162
2022-05-17,137,9.814477544424838
2022-05-18,138,9.944172662070647
2022-05-19,139,10.072508766972396
2022-05-20,140,10.19945420422622
2022-05-21,141,10.32497783290747
2022-05-22,142,10.449049026070886
2022-05-23,143,10.571637670750425
2022-05-24,144,10.692714167959414
2022-05-25,145,10.81224943269047
2022-05-26,146,10.930214893915453
2022-05-27,147,11.046582494585598
2022-05-28,148,11.16132469163137
2022-05-29,149,11.274414455962605
2022-05-30,150,11.3858252724684
2022-05-31,151,11.49553114001717
2022-06-01,152,11.603506571456611
2022-06-02,153,11.709726593613714
2022-06-03,154,11.814166747294811
2022-06-04,155,11.91680308728552
2022-06-05,156,12.017612182350737
2022-06-06,157,12.116571115234654
2022-06-07,158,12.213657482660812
2022-06-08,159,12.308849395331995
2022-06-09,160,12.402125477930332
2022-06-10,161,12.493464869117252
2022-06-11,162,12.582847221533433
2022-06-12,163,12.67025270179892
2022-06-13,164,12.755661990513024
2022-06-14,165,12.839056282254353
2022-06-15,166,12.92041728558083
2022-06-16,167,12.999727223029657
2022-06-17,168,13.07696883111736
2022-06-18,169,13.152125360339815
2022-06-19,170,13.225180575172066
2022-06-20,171,13.296118754068564
2022-06-21,172,13.364924689463058
2022-06-22,173,13.431583687768514
2022-06-23,174,13.496081569377301
2022-06-24,175,13.558404668661032
2022-06-25,176,13.61853983397062
2022-06-26,177,13.676474427636313
2022-06-27,178,13.732196325967655
2022-06-28,179,13.785693919253438
2022-06-29,180,13.836956111761756
2022-06-30,181,13.88597232174009
2022-07-01,182,13.93273248141522
2022-07-02,183,13.97722703699309
2022-07-03,184,14.019446948659086
2022-07-04,185,14.059383690577809
2022-07-05,186,14.097029250893163
2022-07-06,187,14.13237613172844
2022-07-07,188,14.165417349186233
2022-07-08,189,14.19614643334821
2022-07-09,190,14.224557428275622
2022-07-10,191,14.250644892008912
2022-07-11,192,14.274403896567796
2022-07-12,193,14.295830027951288
2022-07-13,194,14.314919386137793
2022-07-14,195,14.331668585084847
2022-07-15,196,14.346074752729512
2022-07-16,197,14.358135530987985
2022-07-17,198,14.367849075755762
2022-07-18,199,14.3752140569077
2022-07-19,200,14.380229658298068
2022-07-20,201,14.3828955777601
2022-07-21,202,14.3832120271067
2022-07-22,203,14.3811797321299
2022-07-23,204,14.376799932601008
2022-07-24,205,14.370074382270664
2022-07-25,206,14.361005348868863
2022-07-26,207,14.34959561410482
2022-07-27,208,14.335848473667104
2022-07-28,209,14.319767737223534
2022-07-29,210,14.301357728421314
2022-07-30,211,14.28062328488692
2022-07-31,212,14.257569758226046
2022-08-01,213,14.232203014023687
2022-08-02,214,14.20452943184437
2022-08-03,215,14.174555905231605
2022-08-04,216,14.142289841708438
2022-08-05,217,14.107739162777099
2022-08-06,218,14.07091230391915
2022-08-07,219,14.031818214595395
2022-08-08,220,13.990466358246087
2022-08-09,221,13.94686671229069
2022-08-10,222,13.901029768127861
2022-08-11,223,13.852966531135726
2022-08-12,224,13.802688520671685
2022-08-13,225,13.750207770072327
2022-08-14,226,13.695536826653685
2022-08-15,227,13.638688751711035
2022-08-16,228,13.579677120518843
2022-08-17,229,13.518516022331076
2022-08-18,230,13.455220060380915
2022-08-19,231,13.389804351880704
2022-08-20,232,13.32228452802237
2022-08-21,233,13.252676733976918
2022-08-22,234,13.180997628894678
2022-08-23,235,13.10726438590543
2022-08-24,236,13.031494692117993
2022-08-25,237,12.953706748620808
2022-08-26,238,12.8739192704813
2022-08-27,239,12.79215148674651
2022-08-28,240,12.708423140442468
2022-08-29,241,12.622754488574705
2022-08-30,242,12.535166302127967
2022-08-31,243,12.445679866066447
2022-09-01,244,12.354316979333438
2022-09-02,245,12.261099954851622
2022-09-03,246,12.166051619522952
2022-09-04,247,12.06919531422877
2022-09-05,248,11.970554893829748
2022-09-06,249,11.870154727165547
2022-09-07,250,11.768019697055498
2022-09-08,251,11.664175200298038
2022-09-09,252,11.558647147670987
2022-09-10,253,11.451461963931498
2022-09-11,254,11.342646587815883
2022-09-12,255,11.232228472039727
2022-09-13,256,11.12023558329823
2022-09-14,257,11.006696402265524
2022-09-15,258,10.89163992359524
2022-09-16,259,10.775095655920287
2022-09-17,260,10.6570936218529
2022-09-18,261,10.537664357984587
2022-09-19,262,10.416838914886076
2022-09-20,263,10.294648857107367
2022-09-21,264,10.171126263178015
2022-09-22,265,10.046303725606682
2022-09-23,266,9.920214350881357
2022-09-24,267,9.792891759469361
2022-09-25,268,9.664370085817344
2022-09-26,269,9.53468397835106
2022-09-27,270,9.403868599475706
2022-09-28,271,9.271959625575922
2022-09-29,272,9.138993247015454
2022-09-30,273,9.005006168137376
2022-10-01,274,8.870035607264262
2022-10-02,275,8.734119296697562
2022-10-03,276,8.597295482718456
2022-10-04,277,8.459602925587111
2022-10-05,278,8.321080899543253
2022-10-06,279,8.181769192805765
2022-10-07,280,8.041708107572921
2022-10-08,281,7.900938460022095
2022-10-09,282,7.759501580310163
2022-10-10,283,7.617439312573216
2022-10-11,284,7.474794014926678
2022-10-12,285,7.331608559465357
2022-10-13,286,7.187926332263109
2022-10-14,287,7.043791233373346
2022-10-15,288,6.899247676828699
2022-10-16,289,6.7543405906410126
2022-10-17,290,6.609115416801634
2022-10-18,291,6.463618111280956
2022-10-19,292,6.317895144028759
2022-10-20,293,6.171993498974265
2022-10-21,294,6.0259606740259155
2022-10-22,295,5.87984468107131
2022-10-23,296,5.733694045977549
2022-10-24,297,5.587557808591006
2022-10-25,298,5.441485522737272
2022-10-26,299,5.295527256221154
2022-10-27,300,5.1497335908271875
2022-10-28,301,5.004155622318441
2022-10-29,302,4.858844960438111
2022-10-30,303,4.713853728908154
2022-10-31,304,4.5692345654301985
2022-11-01,305,4.425040621684635
2022-11-02,306,4.281325563331867
2022-11-03,307,4.138143570010945
2022-11-04,308,3.9955493353405895
2022-11-05,309,3.8535980669187406
2022-11-06,310,3.7123454863227803
2022-11-07,311,3.5718478291088527
2022-11-08,312,3.4321618448133417
2022-11-09,313,3.2933447969508247
2022-11-10,314,3.1554544630162322
2022-11-11,315,3.0185491344829156
2022-11-12,316,2.882687616804125
2022-11-13,317,2.7479292294119855
2022-11-14,318,2.6143338057185215
2022-11-15,319,2.4819616931142914
2022-11-16,320,2.350873752969866
2022-11-17,321,2.2211313606344643
2022-11-18,322,2.0927964054372037
2022-11-19,323,1.9659312906859636
2022-11-20,324,1.840598933668522
2022-11-21,325,1.716862765651305
2022-11-22,326,1.5947867318805233
2022-11-23,327,1.4744352915814911
2022-11-24,328,1.355873417958966
2022-11-25,329,1.2391665981966948
2022-11-26,330,1.1243808334580958
2022-11-27,331,1.0115826388856899
2022-11-28,332,0.9008390436009872
2022-11-29,333,0.7922175907056239
2022-11-30,334,0.6857863372798843
2022-12-01,335,0.58161385438361
2022-12-02,336,0.4797692270555185
2022-12-03,337,0.380322054314453
2022-12-04,338,0.28334244915779117
2022-12-05,339,0.18890103856246832
2022-12-06,340,0.0970689634848636
2022-12-07,341,0.007917878860231653
2022-12-08,342,-0.07848004639604689
2022-12-09,343,-0.16205212939017066
2022-12-10,344,-0.24272517324866705
2022-12-11,345,-0.3204254671186195
2022-12-12,346,-0.3950787861682361
2022-12-13,347,-0.4666103915857125
2022-12-14,348,-0.5349450305809373
2022-12-15,349,-0.6000069363833322
2022-12-16,350,-0.6617198282440118
2022-12-17,351,-0.7200069114345329
2022-12-18,352,-0.7747908772466676
2022-12-19,353,-0.8259939029935399
2022-12-20,354,-0.8735376520084888
2022-12-21,355,-0.917343273645864
2022-12-22,356,-0.9573314032803442
2022-12-23,357,-0.9934221623079598
2022-12-24,358,-1.025535158144729
2022-12-25,359,-1.0535894842277944
2022-12-26,360,-1.077503720014855
2022-12-27,361,-1.0971959309845065
2022-12-28,362,-1.1125836686355601
2022-12-29,363,-1.1235839704879513
2022-12-30,364,-1.1301133600823992
2022-12-31,365,-1.1320878469799514
2023-01-01,1,0.7346322395346792
2023-01-02,2,0.533997371956422
2023-01-03,3,0.3410967897313023
2023-01-04,4,0.15582893677050647
2023-01-05,5,-0.021907229035477815
2023-01-06,6,-0.19221223581686253
2023-01-07,7,-0.3551860977245582
2023-01-08,8,-0.5109283149301751
2023-01-09,9,-0.6595378736260225
2023-01-10,10,-0.8011132460251089
2023-01-11,11,-0.9357523903611424
2023-01-12,12,-1.0635527508885292
2023-01-13,13,-1.1846112578823753
2023-01-14,14,-1.2990243276384863
2023-01-15,15,-1.4068878624733663
2023-01-16,16,-1.5082972507242198
2023-01-17,17,-1.6033473667489488
2023-01-18,18,-1.6921325709261548
2023-01-19,19,-1.77474670965514
2023-01-20,20,-1.8512831153559048
2023-01-21,21,-1.9218346064691492
2023-01-22,22,-1.986493487456269
2023-01-23,23,-2.0453515487993656
2023-01-24,24,-2.0985000670012353
2023-01-25,25,-2.146029804585373
2023-01-26,26,-2.188031010095976
2023-01-27,27,-2.2245934180979376
2023-01-28,28,-2.255806249176853
2023-01-29,29,-2.281758209939015
2023-01-30,30,-2.3025374930114144
2023-01-31,31,-2.318231777041744
2023-02-01,32,-2.3289282266983955
2023-02-02,33,-2.334713492670457
2023-02-03,34,-2.3356737116677175
2023-02-04,35,-2.3318945064206655
2023-02-05,36,-2.323460985680491
2023-02-06,37,-2.310457744219078
2023-02-07,38,-2.292968862829012
2023-02-08,39,-2.2710779083235773
2023-02-09,40,-2.244867933536762
2023-02-10,41,-2.2144214773232456
2023-02-11,42,-2.1798205645584137
2023-02-12,43,-2.141146706138347
2023-02-13,44,-2.0984808989798243
2023-02-14,45,-2.0519036260203283
2023-02-15,46,-2.0014948562180344
2023-02-16,47,-1.9473340445518268
2023-02-17,48,-1.8895001320212828
2023-02-18,49,-1.828071545646674
2023-02-19,50,-1.7631261984689814
2023-02-20,51,-1.6947414895498785
2023-02-21,52,-1.6229943039717405
2023-02-22,53,-1.5479610128376375
2023-02-23,54,-1.4697174732713485
2023-02-24,55,-1.3883390284173434
2023-02-25,56,-1.3039005074407903
2023-02-26,57,-1.2164762255275594
2023-02-27,58,-1.1261399838842276
2023-02-28,59,-1.0329650697380561
2023-03-01,60,-0.937024256337013
2023-03-02,61,-0.8383898029497772
2023-03-03,62,-0.7371334548656971
2023-03-04,63,-0.6333264433948518
2023-03-05,64,-0.5270394858680003
2023-03-06,65,-0.4183427856366091
2023-03-07,66,-0.30730603207283913
2023-03-08,67,-0.19399840056954964
2023-03-09,68,-0.07848855254031228
2023-03-10,69,0.039155364580620855
2023-03-11,70,0.15886571733828525
2023-03-12,71,0.28057538625702527
2023-03-13,72,0.40421776584047997
2023-03-14,73,0.5297267645715937
2023-03-15,74,0.6570368049126056
2023-03-16,75,0.7860828233050672
2023-03-17,76,0.916800270169821
2023-03-18,77,1.049125109907008
2023-03-19,78,1.182993820896078
2023-03-20,79,1.3183433954957788
2023-03-21,80,1.4551113400441569
2023-03-22,81,1.5932356748585637
2023-03-23,82,1.732654934235649
2023-03-24,83,1.8733081664513573
2023-03-25,84,2.015134933760949
2023-03-26,85,2.1580753123989727
2023-03-27,86,2.302069892579274
2023-03-28,87,2.4470597784950225
2023-03-29,88,2.5929865883186576
2023-03-30,89,2.739792454201945
2023-03-31,90,2.887420022275931
2023-04-01,91,3.035812452650985
2023-04-02,92,3.18491341941675
2023-04-03,93,3.334667110642199
2023-04-04,94,3.4850182283755924
2023-04-05,95,3.6359119886444713
2023-04-06,96,3.787294121455714
2023-04-07,97,3.9391108707954867
2023-04-08,98,4.0913089946292285
2023-04-09,99,4.243835764901723
2023-04-10,100,4.396638967537028
2023-04-11,101,4.549666902438508
2023-04-12,102,4.702868383488832
2023-04-13,103,4.85619273854997
2023-04-14,104,5.0095898094631846
2023-04-15,105,5.163009952049036
2023-04-16,106,5.31640403610742
2023-04-17,107,5.469723445417463
2023-04-18,108,5.62292007773768
2023-04-19,109,5.775946344805815
2023-04-20,110,5.928755172338958
2023-04-21,111,6.081300000033478
2023-04-22,112,6.233534781565025
2023-04-23,113,6.385413984588601
2023-04-24,114,6.53689259073848
2023-04-25,115,6.687926095628233
2023-04-26,116,6.838470508850731
2023-04-27,117,6.988482353978155
2023-04-28,118,7.137918668562007
2023-04-29,119,7.2867370041330215
2023-04-30,120,7.4348954262013205
2023-05-01,121,7.582352514256263
2023-05-02,122,7.729067361766544
2023-05-03,123,7.8749995761801355
2023-05-04,124,8.020109278924329
2023-05-05,125,8.16435710540569
2023-05-06,126,8.30770420501013
2023-05-07,127,8.450112241102827
2023-05-08,128,8.591543391028265
2023-05-09,129,8.731960346110247
2023-05-10,130,8.871326311651819
2023-05-11,131,9.009605006935407
2023-05-12,132,9.146760665222692
2023-05-13,133,9.282758033754666
2023-05-14,134,9.417562373751641
2023-05-15,135,9.55113946041316
2023-05-16,136,9.683455582918162
2023-05-17,137,9.814477544424838
2023-05-18,138,9.944172662070647
2023-05-19,139,10.072508766972396
2023-05-20,140,10.19945420422622
2023-05-21,141,10.32497783290747
2023-05-22,142,10.449049026070886
2023-05-23,143,10.571637670750425
2023-05-24,144,10.692714167959414
2023-05-25,145,10.81224943269047
2023-05-26,146,10.930214893915453
2023-05-27,147,11.046582494585598
2023-05-28,148,11.16132469163137
2023-05-29,149,11.274414455962605
2023-05-30,150,11.3858252724684
2023-05-31,151,11.49553114001717
2023-06-01,152,11.603506571456611
2023-06-02,153,11.709726593613714
2023-06-03,154,11.814166747294811
2023-06-04,155,11.91680308728552
2023-06-05,156,12.017612182350737
2023-06-06,157,12.116571115234654
2023-06-07,158,12.213657482660812
2023-06-08,159,12.308849395331995
2023-06-09,160,12.402125477930332
2023-06-10,161,12.493464869117252
2023-06-11,162,12.582847221533433
2023-06-12,163,12.67025270179892
2023-06-13,164,12.755661990513024
2023-06-14,165,12.839056282254353
2023-06-15,166,12.92041728558083
2023-06-16,167,12.999727223029657
2023-06-17,168,13.07696883111736
2023-06-18,169,13.152125360339815
2023-06-19,170,13.225180575172066
2023-06-20,171,13.296118754068564
2023-06-21,172,13.364924689463058
2023-06-22,173,13.431583687768514
2023-06-23,174,13.496081569377301
2023-06-24,175,13.558404668661032
2023-06-25,176,13.61853983397062
2023-06-26,177,13.676474427636313
2023-06-27,178,13.732196325967655
2023-06-28,179,13.785693919253438
2023-06-29,180,13.836956111761756
2023-06-30,181,13.88597232174009
2023-07-01,182,13.93273248141522
2023-07-02,183,13.97722703699309
2023-07-03,184,14.019446948659086
2023-07-04,185,14.059383690577809
2023-07-05,186,14.097029250893163
2023-07-06,187,14.13237613172844
2023-07-07,188,14.165417349186233
2023-07-08,189,14.19614643334821
2023-07-09,190,14.224557428275622
2023-07-10,191,14.250644892008912
2023-07-11,192,14.274403896567796
2023-07-12,193,14.295830027951288
2023-07-13,194,14.314919386137793
2023-07-14,195,14.331668585084847
2023-07-15,196,14.346074752729512
2023-07-16,197,14.358135530987985
2023-07-17,198,14.367849075755762
2023-07-18,199,14.3752140569077
2023-07-19,200,14.380229658298068
2023-07-20,201,14.3828955777601
2023-07-21,202,14.3832120271067
2023-07-22,203,14.3811797321299
2023-07-23,204,14.376799932601008
2023-07-24,205,14.370074382270664
2023-07-25,206,14.361005348868863
2023-07-26,207,14.34959561410482
2023-07-27,208,14.335848473667104
2023-07-28,209,14.319767737223534
2023-07-29,210,14.301357728421314
2023-07-30,211,14.28062328488692
2023-07-31,212,14.257569758226046
2023-08-01,213,14.232203014023687
2023-08-02,214,14.20452943184437
2023-08-03,215,14.174555905231605
2023-08-04,216,14.142289841708438
2023-08-05,217,14.107739162777099
2023-08-06,218,14.07091230391915
2023-08-07,219,14.031818214595395
2023-08-08,220,13.990466358246087
2023-08-09,221,13.94686671229069
2023-08-10,222,13.901029768127861
2023-08-11,223,13.852966531135726
2023-08-12,224,13.802688520671685
2023-08-13,225,13.750207770072327
2023-08-14,226,13.695536826653685
2023-08-15,227,13.638688751711035
2023-08-16,228,13.579677120518843
2023-08-17,229,13.518516022331076
2023-08-18,230,13.455220060380915
2023-08-19,231,13.389804351880704
2023-08-20,232,13.32228452802237
2023-08-21,233,13.252676733976918
2023-08-22,234,13.180997628894678
2023-08-23,235,13.10726438590543
2023-08-24,236,13.031494692117993
2023-08-25,237,12.953706748620808
2023-08-26,238,12.8739192704813
2023-08-27,239,12.79215148674651
2023-08-28,240,12.708423140442468
2023-08-29,241,12.622754488574705
2023-08-30,242,12.535166302127967
2023-08-31,243,12.445679866066447
2023-09-01,244,12.354316979333438
2023-09-02,245,12.261099954851622
2023-09-03,246,12.166051619522952
2023-09-04,247,12.06919531422877
2023-09-05,248,11.970554893829748
2023-09-06,249,11.870154727165547
2023-09-07,250,11.768019697055498
2023-09-08,251,11.664175200298038
2023-09-09,252,11.558647147670987
2023-09-10,253,11.451461963931498
2023-09-11,254,11.342646587815883
2023-09-12,255,11.232228472039727
2023-09-13,256,11.12023558329823
2023-09-14,257,11.006696402265524
2023-09-15,258,10.89163992359524
2023-09-16,259,10.775095655920287
2023-09-17,260,10.6570936218529
2023-09-18,261,10.537664357984587
2023-09-19,262,10.416838914886076
2023-09-20,263,10.294648857107367
2023-09-21,264,10.171126263178015
2023-09-22,265,10.046303725606682
2023-09-23,266,9.920214350881357
2023-09-24,267,9.792891759469361
2023-09-25,268,9.664370085817344
2023-09-26,269,9.53468397835106
2023-09-27,270,9.403868599475706
2023-09-28,271,9.271959625575922
2023-09-29,272,9.138993247015454
2023-09-30,273,9.005006168137376
2023-10-01,274,8.870035607264262
2023-10-02,275,8.734119296697562
2023-10-03,276,8.597295482718456
2023-10-04,277,8.459602925587111
2023-10-05,278,8.321080899543253
2023-10-06,279,8.181769192805765
2023-10-07,280,8.041708107572921
2023-10-08,281,7.900938460022095
2023-10-09,282,7.759501580310163
2023-10-10,283,7.617439312573216
2023-10-11,284,7.474794014926678
2023-10-12,285,7.331608559465357
2023-10-13,286,7.187926332263109
2023-10-14,287,7.043791233373346
2023-10-15,288,6.899247676828699
2023-10-16,289,6.7543405906410126
2023-10-17,290,6.609115416801634
2023-10-18,291,6.463618111280956
2023-10-19,292,6.317895144028759
2023-10-20,293,6.171993498974265
2023-10-21,294,6.0259606740259155
2023-10-22,295,5.87984468107131
2023-10-23,296,5.733694045977549
2023-10-24,297,5.587557808591006
2023-10-25,298,5.441485522737272
2023-10-26,299,5.295527256221154
2023-10-27,300,5.1497335908271875
2023-10-28,301,5.004155622318441
2023-10-29,302,4.858844960438111
2023-10-30,303,4.713853728908154
2023-10-31,304,4.5692345654301985
2023-11-01,305,4.425040621684635
2023-11-02,306,4.281325563331867
2023-11-03,307,4.138143570010945
2023-11-04,308,3.9955493353405895
2023-11-05,309,3.8535980669187406
2023-11-06,310,3.7123454863227803
2023-11-07,311,3.5718478291088527
2023-11-08,312,3.4321618448133417
2023-11-09,313,3.2933447969508247
2023-11-10,314,3.1554544630162322
2023-11-11,315,3.0185491344829156
2023-11-12,316,2.882687616804125
2023-11-13,317,2.7479292294119855
2023-11-14,318,2.6143338057185215
2023-11-15,319,2.4819616931142914
2023-11-16,320,2.350873752969866
2023-11-17,321,2.2211313606344643
2023-11-18,322,2.0927964054372037
2023-11-19,323,1.9659312906859636
2023-11-20,324,1.840598933668522
2023-11-21,325,1.716862765651305
2023-11-22,326,1.5947867318805233
2023-11-23,327,1.4744352915814911
2023-11-24,328,1.355873417958966
2023-11-25,329,1.2391665981966948
2023-11-26,330,1.1243808334580958
2023-11-27,331,1.0115826388856899
2023-11-28,332,0.9008390436009872
2023-11-29,333,0.7922175907056239
2023-11-30,334,0.6857863372798843
2023-12-01,335,0.58161385438361
2023-12-02,336,0.4797692270555185
2023-12-03,337,0.380322054314453
2023-12-04,338,0.28334244915779117
2023-12-05,339,0.18890103856246832
2023-12-06,340,0.0970689634848636
2023-12-07,341,0.007917878860231653
2023-12-08,342,-0.07848004639604689
2023-12-09,343,-0.16205212939017066
2023-12-10,344,-0.24272517324866705
2023-12-11,345,-0.3204254671186195
2023-12-12,346,-0.3950787861682361
2023-12-13,347,-0.4666103915857125
2023-12-14,348,-0.5349450305809373
2023-12-15,349,-0.6000069363833322
2023-12-16,350,-0.6617198282440118
2023-12-17,351,-0.7200069114345329
2023-12-18,352,-0.7747908772466676
2023-12-19,353,-0.8259939029935399
2023-12-20,354,-0.8735376520084888
2023-12-21,355,-0.917343273645864
2023-12-22,356,-0.9573314032803442
2023-12-23,357,-0.9934221623079598
2023-12-24,358,-1.025535158144729
2023-12-25,359,-1.0535894842277944
2023-12-26,360,-1.077503720014855
2023-12-27,361,-1.0971959309845065
2023-12-28,362,-1.1125836686355601
2023-12-29,363,-1.1235839704879513
2023-12-30,364,-1.1301133600823992
2023-12-31,365,-1.1320878469799514
2024-01-01,1,0.7346322395346792
2024-01-02,2,0.533997371956422
2024-01-03,3,0.3410967897313023
2024-01-04,4,0.15582893677050647
2024-01-05,5,-0.021907229035477815
2024-01-06,6,-0.19221223581686253
2024-01-07,7,-0.3551860977245582
2024-01-08,8,-0.5109283149301751
2024-01-09,9,-0.6595378736260225
2024-01-10,10,-0.8011132460251089
2024-01-11,11,-0.9357523903611424
2024-01-12,12,-1.0635527508885292
2024-01-13,13,-1.1846112578823753
2024-01-14,14,-1.2990243276384863
2024-01-15,15,-1.4068878624733663
2024-01-16,16,-1.5082972507242198
2024-01-17,17,-1.6033473667489488
2024-01-18,18,-1.6921325709261548
2024-01-19,19,-1.77474670965514
2024-01-20,20,-1.8512831153559048
2024-01-21,21,-1.9218346064691492
2024-01-22,22,-1.986493487456269
2024-01-23,23,-2.0453515487993656
2024-01-24,24,-2.0985000670012353
2024-01-25,25,-2.146029804585373
2024-01-26,26,-2.188031010095976
2024-01-27,27,-2.2245934180979376
2024-01-28,28,-2.255806249176853
2024-01-29,29,-2.281758209939015
2024-01-30,30,-2.3025374930114144
2024-01-31,31,-2.318231777041744
2024-02-01,32,-2.3289282266983955
2024-02-02,33,-2.334713492670457
2024-02-03,34,-2.3356737116677175
2024-02-04,35,-2.3318945064206655
2024-02-05,36,-2.323460985680491
2024-02-06,37,-2.310457744219078
2024-02-07,38,-2.292968862829012
2024-02-08,39,-2.2710779083235773
2024-02-09,40,-2.244867933536762
2024-02-10,41,-2.2144214773232456
2024-02-11,42,-2.1798205645584137
2024-02-12,43,-2.141146706138347
2024-02-13,44,-2.0984808989798243
2024-02-14,45,-2.0519036260203283
2024-02-15,46,-2.0014948562180344
2024-02-16,47,-1.9473340445518268
2024-02-17,48,-1.8895001320212828
2024-02-18,49,-1.828071545646674
2024-02-19,50,-1.7631261984689814
2024-02-20,51,-1.6947414895498785
2024-02-21,52,-1.6229943039717405
2024-02-22,53,-1.5479610128376375
2024-02-23,54,-1.4697174732713485
2024-02-24,55,-1.3883390284173434
2024-02-25,56,-1.3039005074407903
2024-02-26,57,-1.2164762255275594
2024-02-27,58,-1.1261399838842276
2024-02-28,59,-1.0329650697380561
2024-02-29,60,-0.937024256337013
2024-03-01,61,-0.8383898029497772
2024-03-02,62,-0.7371334548656971
2024-03-03,63,-0.6333264433948518
2024-03-04,64,-0.5270394858680003
2024-03-05,65,-0.4183427856366091
2024-03-06,66,-0.30730603207283913
2024-03-07,67,-0.19399840056954964
2024-03-08,68,-0.07848855254031228
2024-03-09,69,0.039155364580620855
2024-03-10,70,0.15886571733828525
2024-03-11,71,0.28057538625702527
2024-03-12,72,0.40421776584047997
2024-03-13,73,0.5297267645715937
2024-03-14,74,0.6570368049126056
2024-03-15,75,0.7860828233050672
2024-03-16,76,0.916800270169821
2024-03-17,77,1.049125109907008
2024-03-18,78,1.182993820896078
2024-03-19,79,1.3183433954957788
2024-03-20,80,1.4551113400441569
2024-03-21,81,1.5932356748585637
2024-03-22,82,1.732654934235649
2024-03-23,83,1.8733081664513573
2024-03-24,84,2.015134933760949
2024-03-25,85,2.1580753123989727
2024-03-26,86,2.302069892579274
2024-03-27,87,2.4470597784950225
2024-03-28,88,2.5929865883186576
2024-03-29,89,2.739792454201945
2024-03-30,90,2.887420022275931
2024-03-31,91,3.035812452650985
2024-04-01,92,3.18491341941675
2024-04-02,93,3.334667110642199
2024-04-03,94,3.4850182283755924
2024-04-04,95,3.6359119886444713
2024-04-05,96,3.787294121455714
2024-04-06,97,3.9391108707954867
2024-04-07,98,4.0913089946292285
2024-04-08,99,4.243835764901723
2024-04-09,100,4.396638967537028
2024-04-10,101,4.549666902438508
2024-04-11,102,4.702868383488832
2024-04-12,103,4.85619273854997
2024-04-13,104,5.0095898094631846
2024-04-14,105,5.163009952049036
2024-04-15,106,5.31640403610742
2024-04-16,107,5.469723445417463
2024-04-17,108,5.62292007773768
2024-04-18,109,5.775946344805815
2024-04-19,110,5.928755172338958
2024-04-20,111,6.081300000033478
2024-04-21,112,6.233534781565025
2024-04-22,113,6.385413984588601
2024-04-23,114,6.53689259073848
2024-04-24,115,6.687926095628233
2024-04-25,116,6.838470508850731
2024-04-26,117,6.988482353978155
2024-04-27,118,7.137918668562007
2024-04-28,119,7.2867370041330215
2024-04-29,120,7.4348954262013205
2024-04-30,121,7.582352514256263
2024-05-01,122,7.729067361766544
2024-05-02,123,7.8749995761801355
2024-05-03,124,8.020109278924329
2024-05-04,125,8.16435710540569
2024-05-05,126,8.30770420501013
2024-05-06,127,8.450112241102827
2024-05-07,128,8.591543391028265
2024-05-08,129,8.731960346110247
2024-05-09,130,8.871326311651819
2024-05-10,131,9.009605006935407
2024-05-11,132,9.146760665222692
2024-05-12,133,9.282758033754666
2024-05-13,134,9.417562373751641
2024-05-14,135,9.55113946041316
2024-05-15,136,9.683455582918162
2024-05-16,137,9.814477544424838
2024-05-17,138,9.944172662070647
2024-05-18,139,10.072508766972396
2024-05-19,140,10.19945420422622
2024-05-20,141,10.32497783290747
2024-05-21,142,10.449049026070886
2024-05-22,143,10.571637670750425
2024-05-23,144,10.692714167959414
2024-05-24,145,10.81224943269047
2024-05-25,146,10.930214893915453
2024-05-26,147,11.046582494585598
2024-05-27,148,11.16132469163137
2024-05-28,149,11.274414455962605
2024-05-29,150,11.3858252724684
2024-05-30,151,11.49553114001717
2024-05-31,152,11.603506571456611
2024-06-01,153,11.709726593613714
2024-06-02,154,11.814166747294811
2024-06-03,155,11.91680308728552
2024-06-04,156,12.017612182350737
2024-06-05,157,12.116571115234654
2024-06-06,158,12.213657482660812
2024-06-07,159,12.308849395331995
2024-06-08,160,12.402125477930332
2024-06-09,161,12.493464869117252
2024-06-10,162,12.582847221533433
2024-06-11,163,12.67025270179892
2024-06-12,164,12.755661990513024
2024-06-13,165,12.839056282254353
2024-06-14,166,12.92041728558083
2024-06-15,167,12.999727223029657
2024-06-16,168,13.07696883111736
2024-06-17,169,13.152125360339815
2024-06-18,170,13.225180575172066
2024-06-19,171,13.296118754068564
2024-06-20,172,13.364924689463058
2024-06-21,173,13.431583687768514
2024-06-22,174,13.496081569377301
2024-06-23,175,13.558404668661032
2024-06-24,176,13.61853983397062
2024-06-25,177,13.676474427636313
2024-06-26,178,13.732196325967655
2024-06-27,179,13.785693919253438
2024-06-28,180,13.836956111761756
2024-06-29,181,13.88597232174009
2024-06-30,182,13.93273248141522
2024-07-01,183,13.97722703699309
2024-07-02,184,14.019446948659086
2024-07-03,185,14.059383690577809
2024-07-04,186,14.097029250893163
2024-07-05,187,14.13237613172844
2024-07-06,188,14.165417349186233
2024-07-07,189,14.19614643334821
2024-07-08,190,14.224557428275622
2024-07-09,191,14.250644892008912
2024-07-10,192,14.274403896567796
2024-07-11,193,14.295830027951288
2024-07-12,194,14.314919386137793
2024-07-13,195,14.331668585084847
2024-07-14,196,14.346074752729512
2024-07-15,197,14.358135530987985
2024-07-16,198,14.367849075755762
2024-07-17,199,14.3752140569077
2024-07-18,200,14.380229658298068
2024-07-19,201,14.3828955777601
2024-07-20,202,14.3832120271067
2024-07-21,203,14.3811797321299
2024-07-22,204,14.376799932601008
2024-07-23,205,14.370074382270664
2024-07-24,206,14.361005348868863
2024-07-25,207,14.34959561410482
2024-07-26,208,14.335848473667104
2024-07-27,209,14.319767737223534
2024-07-28,210,14.301357728421314
2024-07-29,211,14.28062328488692
2024-07-30,212,14.257569758226046
2024-07-31,213,14.232203014023687
2024-08-01,214,14.20452943184437
2024-08-02,215,14.174555905231605
2024-08-03,216,14.142289841708438
2024-08-04,217,14.107739162777099
2024-08-05,218,14.07091230391915
2024-08-06,219,14.031818214595395
2024-08-07,220,13.990466358246087
2024-08-08,221,13.94686671229069
2024-08-09,222,13.901029768127861
2024-08-10,223,13.852966531135726
2024-08-11,224,13.802688520671685
2024-08-12,225,13.750207770072327
2024-08-13,226,13.695536826653685
2024-08-14,227,13.638688751711035
2024-08-15,228,13.579677120518843
2024-08-16,229,13.518516022331076
2024-08-17,230,13.455220060380915
2024-08-18,231,13.389804351880704
2024-08-19,232,13.32228452802237
2024-08-20,233,13.252676733976918
2024-08-21,234,13.180997628894678
2024-08-22,235,13.10726438590543
2024-08-23,236,13.031494692117993
2024-08-24,237,12.953706748620808
2024-08-25,238,12.8739192704813
2024-08-26,239,12.79215148674651
2024-08-27,240,12.708423140442468
2024-08-28,241,12.622754488574705
2024-08-29,242,12.535166302127967
2024-08-30,243,12.445679866066447
2024-08-31,244,12.354316979333438
2024-09-01,245,12.261099954851622
2024-09-02,246,12.166051619522952
2024-09-03,247,12.06919531422877
2024-09-04,248,11.970554893829748
2024-09-05,249,11.870154727165547
2024-09-06,250,11.768019697055498
2024-09-07,251,11.664175200298038
2024-09-08,252,11.558647147670987
2024-09-09,253,11.451461963931498
2024-09-10,254,11.342646587815883
2024-09-11,255,11.232228472039727
2024-09-12,256,11.12023558329823
2024-09-13,257,11.006696402265524
2024-09-14,258,10.89163992359524
2024-09-15,259,10.775095655920287
2024-09-16,260,10.6570936218529
2024-09-17,261,10.537664357984587
2024-09-18,262,10.416838914886076
2024-09-19,263,10.294648857107367
2024-09-20,264,10.171126263178015
2024-09-21,265,10.046303725606682
2024-09-22,266,9.920214350881357
2024-09-23,267,9.792891759469361
2024-09-24,268,9.664370085817344
2024-09-25,269,9.53468397835106
2024-09-26,270,9.403868599475706
2024-09-27,271,9.271959625575922
2024-09-28,272,9.138993247015454
2024-09-29,273,9.005006168137376
2024-09-30,274,8.870035607264262
2024-10-01,275,8.734119296697562
2024-10-02,276,8.597295482718456
2024-10-03,277,8.459602925587111
2024-10-04,278,8.321080899543253
2024-10-05,279,8.181769192805765
2024-10-06,280,8.041708107572921
2024-10-07,281,7.900938460022095
2024-10-08,282,7.759501580310163
2024-10-09,283,7.617439312573216
2024-10-10,284,7.474794014926678
2024-10-11,285,7.331608559465357
2024-10-12,286,7.187926332263109
2024-10-13,287,7.043791233373346
2024-10-14,288,6.899247676828699
2024-10-15,289,6.7543405906410126
2024-10-16,290,6.609115416801634
2024-10-17,291,6.463618111280956
2024-10-18,292,6.317895144028759
2024-10-19,293,6.171993498974265
2024-10-20,294,6.0259606740259155
2024-10-21,295,5.87984468107131
2024-10-22,296,5.733694045977549
2024-10-23,297,5.587557808591006
2024-10-24,298,5.441485522737272
2024-10-25,299,5.295527256221154
2024-10-26,300,5.1497335908271875
2024-10-27,301,5.004155622318441
2024-10-28,302,4.858844960438111
2024-10-29,303,4.713853728908154
2024-10-30,304,4.5692345654301985
2024-10-31,305,4.425040621684635
2024-11-01,306,4.281325563331867
2024-11-02,307,4.138143570010945
2024-11-03,308,3.9955493353405895
2024-11-04,309,3.8535980669187406
2024-11-05,310,3.7123454863227803
2024-11-06,311,3.5718478291088527
2024-11-07,312,3.4321618448133417
2024-11-08,313,3.2933447969508247
2024-11-09,314,3.1554544630162322
2024-11-10,315,3.0185491344829156
2024-11-11,316,2.882687616804125
2024-11-12,317,2.7479292294119855
2024-11-13,318,2.6143338057185215
2024-11-14,319,2.4819616931142914
2024-11-15,320,2.350873752969866
2024-11-16,321,2.2211313606344643
2024-11-17,322,2.0927964054372037
2024-11-18,323,1.9659312906859636
2024-11-19,324,1.840598933668522
2024-11-20,325,1.716862765651305
2024-11-21,326,1.5947867318805233
2024-11-22,327,1.4744352915814911
2024-11-23,328,1.355873417958966
2024-11-24,329,1.2391665981966948
2024-11-25,330,1.1243808334580958
2024-11-26,331,1.0115826388856899
2024-11-27,332,0.9008390436009872
2024-11-28,333,0.7922175907056239
2024-11-29,334,0.6857863372798843
2024-11-30,335,0.58161385438361
2024-12-01,336,0.4797692270555185
2024-12-02,337,0.380322054314453
2024-12-03,338,0.28334244915779117
2024-12-04,339,0.18890103856246832
2024-12-05,340,0.0970689634848636
2024-12-06,341,0.007917878860231653
2024-12-07,342,-0.07848004639604689
2024-12-08,343,-0.16205212939017066
2024-12-09,344,-0.24272517324866705
2024-12-10,345,-0.3204254671186195
2024-12-11,346,-0.3950787861682361
2024-12-12,347,-0.4666103915857125
2024-12-13,348,-0.5349450305809373
2024-12-14,349,-0.6000069363833322
2024-12-15,350,-0.6617198282440118
2024-12-16,351,-0.7200069114345329
2024-12-17,352,-0.7747908772466676
2024-12-18,353,-0.8259939029935399
2024-12-19,354,-0.8735376520084888
2024-12-20,355,-0.917343273645864
2024-12-21,356,-0.9573314032803442
2024-12-22,357,-0.9934221623079598
2024-12-23,358,-1.025535158144729
2024-12-24,359,-1.0535894842277944
2024-12-25,360,-1.077503720014855
2024-12-26,361,-1.0971959309845065
2024-12-27,362,-1.1125836686355601
2024-12-28,363,-1.1235839704879513
2024-12-29,364,-1.1301133600823992
2024-12-30,365,-1.1320878469799514
2024-12-31,366,-1.1294229267623255
2025-01-01,1,0.7346322395346792
2025-01-02,2,0.533997371956422
2025-01-03,3,0.3410967897313023
2025-01-04,4,0.15582893677050647
2025-01-05,5,-0.021907229035477815
2025-01-06,6,-0.19221223581686253
2025-01-07,7,-0.3551860977245582
2025-01-08,8,-0.5109283149301751
2025-01-09,9,-0.6595378736260225
2025-01-10,10,-0.8011132460251089
2025-01-11,11,-0.9357523903611424
2025-01-12,12,-1.0635527508885292
2025-01-13,13,-1.1846112578823753
2025-01-14,14,-1.2990243276384863
2025-01-15,15,-1.4068878624733663
2025-01-16,16,-1.5082972507242198
2025-01-17,17,-1.6033473667489488
2025-01-18,18,-1.6921325709261548
2025-01-19,19,-1.77474670965514
2025-01-20,20,-1.8512831153559048
2025-01-21,21,-1.9218346064691492
2025-01-22,22,-1.986493487456269
2025-01-23,23,-2.0453515487993656
2025-01-24,24,-2.0985000670012353
2025-01-25,25,-2.146029804585373
2025-01-26,26,-2.188031010095976
2025-01-27,27,-2.2245934180979376
2025-01-28,28,-2.255806249176853
2025-01-29,29,-2.281758209939015
2025-01-30,30,-2.3025374930114144
2025-01-31,31,-2.318231777041744
2025-02-01,32,-2.3289282266983955
2025-02-02,33,-2.334713492670457
2025-02-03,34,-2.3356737116677175
2025-02-04,35,-2.3318945064206655
2025-02-05,36,-2.323460985680491
2025-02-06,37,-2.310457744219078
2025-02-07,38,-2.292968862829012
2025-02-08,39,-2.2710779083235773
2025-02-09,40,-2.244867933536762
2025-02-10,41,-2.2144214773232456
2025-02-11,42,-2.1798205645584137
2025-02-12,43,-2.141146706138347
2025-02-13,44,-2.0984808989798243
2025-02-14,45,-2.0519036260203283
2025-02-15,46,-2.0014948562180344
2025-02-16,47,-1.9473340445518268
2025-02-17,48,-1.8895001320212828
2025-02-18,49,-1.828071545646674
2025-02-19,50,-1.7631261984689814
2025-02-20,51,-1.6947414895498785
2025-02-21,52,-1.6229943039717405
2025-02-22,53,-1.5479610128376375
2025-02-23,54,-1.4697174732713485
2025-02-24,55,-1.3883390284173434
2025-02-25,56,-1.3039005074407903
2025-02-26,57,-1.2164762255275594
2025-02-27,58,-1.1261399838842276
2025-02-28,59,-1.0329650697380561
2025-03-01,60,-0.937024256337013
2025-03-02,61,-0.8383898029497772
2025-03-03,62,-0.7371334548656971
2025-03-04,63,-0.6333264433948518
2025-03-05,64,-0.5270394858680003
2025-03-06,65,-0.4183427856366091
2025-03-07,66,-0.30730603207283913
2025-03-08,67,-0.19399840056954964
2025-03-09,68,-0.07848855254031228
2025-03-10,69,0.039155364580620855
2025-03-11,70,0.15886571733828525
2025-03-12,71,0.28057538625702527
2025-03-13,72,0.40421776584047997
2025-03-14,73,0.5297267645715937
2025-03-15,74,0.6570368049126056
2025-03-16,75,0.7860828233050672
2025-03-17,76,0.916800270169821
2025-03-18,77,1.049125109907008
2025-03-19,78,1.182993820896078
2025-03-20,79,1.3183433954957788
2025-03-21,80,1.4551113400441569
2025-03-22,81,1.5932356748585637
2025-03-23,82,1.732654934235649
2025-03-24,83,1.8733081664513573
2025-03-25,84,2.015134933760949
2025-03-26,85,2.1580753123989727
2025-03-27,86,2.302069892579274
2025-03-28,87,2.4470597784950225
2025-03-29,88,2.5929865883186576
2025-03-30,89,2.739792454201945
2025-03-31,90,2.887420022275931
2025-04-01,91,3.035812452650985
2025-04-02,92,3.18491341941675
2025-04-03,93,3.334667110642199
2025-04-04,94,3.4850182283755924
2025-04-05,95,3.6359119886444713
2025-04-06,96,3.787294121455714
2025-04-07,97,3.9391108707954867
2025-04-08,98,4.0913089946292285
2025-04-09,99,4.243835764901723
2025-04-10,100,4.396638967537028
2025-04-11,101,4.549666902438508
2025-04-12,102,4.702868383488832
2025-04-13,103,4.85619273854997
2025-04-14,104,5.0095898094631846
2025-04-15,105,5.163009952049036
2025-04-16,106,5.31640403610742
2025-04-17,107,5.469723445417463
2025-04-18,108,5.62292007773768
2025-04-19,109,5.775946344805815
2025-04-20,110,5.928755172338958
2025-04-21,111,6.081300000033478
2025-04-22,112,6.233534781565025
2025-04-23,113,6.385413984588601
2025-04-24,114,6.53689259073848
2025-04-25,115,6.687926095628233
2025-04-26,116,6.838470508850731
2025-04-27,117,6.988482353978155
2025-04-28,118,7.137918668562007
2025-04-29,119,7.2867370041330215
2025-04-30,120,7.4348954262013205
2025-05-01,121,7.582352514256263
2025-05-02,122,7.729067361766544
2025-05-03,123,7.8749995761801355
2025-05-04,124,8.020109278924329
2025-05-05,125,8.16435710540569
2025-05-06,126,8.30770420501013
2025-05-07,127,8.450112241102827
2025-05-08,128,8.591543391028265
2025-05-09,129,8.731960346110247
2025-05-10,130,8.871326311651819
2025-05-11,131,9.009605006935407
2025-05-12,132,9.146760665222692
2025-05-13,133,9.282758033754666
2025-05-14,134,9.417562373751641
2025-05-15,135,9.55113946041316
2025-05-16,136,9.683455582918162
2025-05-17,137,9.814477544424838
